proper_name,designation,ra_deg_j2000,dec_deg_j2000,hip,vmag
Sol,,0.0,0.0,,-26.7
,Tau Phe,0.269115,-48.809876,88,5.71
,The Oct,0.39924000000000004,-77.065724,122,4.78
,29    Psc,0.45603,-3.027504,145,5.13
,30    Psc,0.49008,-6.014072,154,4.37
,85    Peg,0.5420849999999999,27.082256,171,5.8
,Zet Scl,0.583005,-29.720414,183,5.04
,31    Psc,0.60069,8.956824,186,6.33
,32    Psc,0.6237600000000001,8.485463,194,5.7
,2    Cet,0.9349500000000001,-17.335988,301,4.55
,9    Cas,1.05693,62.287664,330,5.9
,3    Cet,1.1254950000000001,-10.509523,355,4.99
,33    Psc,1.33392,-5.707618,443,4.61
,86    Peg,1.424835,13.396266,476,5.55
,10    Cas,1.61055,64.196168,531,5.57
Alpheratz,21Alp And,2.096865,29.090432,677,2.07
,87    Peg,2.26008,18.211963,729,5.57
Caph,11Bet Cas,2.293305,59.14978,746,2.28
,Kap1Scl,2.3377649999999996,-27.987928,761,5.42
,Eps Phe,2.35254,-45.747426,765,3.88
,34    Psc,2.50917,11.145813,813,5.54
,Gam3Oct,2.509395,-82.224047,814,5.29
,22    And,2.58018,46.072272,841,5.01
,6    Cet,2.8160849999999997,-15.467977,910,4.89
,Kap2Scl,2.8934100000000003,-27.799737,930,5.41
,The Scl,2.93328,-35.133119,950,5.24
Algenib,88Gam Peg,3.30897,15.183596,1067,2.83
,23    And,3.3786,41.03537,1086,5.71
,89Chi Peg,3.6506700000000003,20.206702,1168,4.79
,7    Cet,3.660075,-18.932866,1170,4.44
,35    Psc,3.745155,8.820962,1196,6.02
,36    Psc,4.14183,8.240154,1319,6.12
,24The And,4.272945,38.681636,1366,4.61
,25Sig And,4.581945,36.785224,1473,4.51
Groombridge 34,,4.59261,44.022954,1475,8.09
,26    And,4.67568,43.791141,1501,6.1
Citadelle,,4.821105,14.054755,1547,8.36
,8Iot Cet,4.856985,-8.823921,1562,3.56
,Zet Tuc,5.01213,-64.874791,1599,4.23
,41    Psc,5.149425,8.190271,1645,5.38
,Pi  Tuc,5.162669999999999,-69.624913,1647,5.5
,27Rho And,5.280255,37.968603,1686,5.16
,Iot Scl,5.379975,-28.981469,1708,5.18
,42    Psc,5.606175,13.482488,1772,6.25
,9    Cet,5.715764999999999,-12.209438,1803,6.39
,12    Cas,6.197895,61.831057,1960,5.38
,44    Psc,6.350865000000001,1.939692,2006,5.77
,Bet Hyi,6.418740000000001,-77.254247,2021,2.82
,Kap Phe,6.55074,-43.679829,2072,3.93
Ankaa,Alp Phe,6.5708400000000005,-42.305981,2081,2.4
,10    Cet,6.65589,-0.049533,2100,6.16
,Eta Scl,6.98208,-33.007167,2210,4.86
,47    Psc,7.012124999999999,17.893125,2219,5.01
,48    Psc,7.052924999999999,16.445065,2224,6.05
Felixvarela,,7.1429849999999995,-16.226344,2247,9.62
,12    Cet,7.509824999999999,-3.957332,2353,5.72
,28    And,7.530675,29.751557,2355,5.2
,Lam1Phe,7.85391,-48.803514,2472,4.76
,13    Cas,7.855049999999999,66.519617,2474,6.18
,Bet1Tuc,7.885875,-62.958218,2484,4.36
,Bet2Tuc,7.88919,-62.965561,2487,4.53
,14Lam Cas,7.943085,54.522289,2505,4.74
,51    Psc,8.099084999999999,6.955463,2548,5.69
,52    Psc,8.147835,20.294316,2568,5.38
,Bet3Tuc,8.18268,-63.0315,2578,5.07
,15Kap Cas,8.249955,62.931783,2599,4.17
,The Tuc,8.346945,-71.266246,2629,6.11
,16    Cas,8.603745,66.750351,2707,6.47
,13    Cet,8.811990000000002,-3.592846,2762,5.2
,14    Cet,8.88681,-0.50561,2787,5.94
,Lam2Phe,8.921505,-48.000907,2802,5.51
,53    Psc,9.19713,15.231725,2903,5.89
,29Pi  And,9.2202,33.719344,2912,4.34
Fulu,17Zet Cas,9.24282,53.896909,2920,3.69
,30Eps And,9.63903,29.311751,3031,4.34
,31Del And,9.83193,30.861024,3092,3.27
,54    Psc,9.840945,21.250472,3093,5.88
,55    Psc,9.98154,21.438495,3138,5.36
Schedar,18Alp Cas,10.126740000000002,56.537331,3179,2.24
,32    And,10.27995,39.458664,3231,5.3
,Mu  Phe,10.33149,-46.085007,3245,4.59
,Xi  Phe,10.44315,-56.501315,3277,5.72
,19Xi  Cas,10.516214999999999,50.512526,3300,4.8
,Rho Tuc,10.618034999999999,-65.46803,3330,5.38
,Lam1Scl,10.67871,-38.463483,3356,6.05
,Eta Phe,10.838505,-57.46306,3405,4.36
,20Pi  Cas,10.866990000000001,47.024546,3414,4.95
Diphda,16Bet Cet,10.89735,-17.986605,3419,2.04
,17Phi1Cet,11.047500000000001,-10.60955,3455,4.77
,Lam2Scl,11.050245,-38.421686,3456,5.9
Cocibolca,,11.11095,-26.51568,3479,7.78
,22Omi Cas,11.1813,48.284364,3504,4.48
,18    Cet,11.369535,-12.88081,3559,6.15
,21    Cas,11.412930000000001,74.988073,3572,5.64
,57    Psc,11.63733,15.475504,3632,5.36
,58    Psc,11.756070000000001,11.973849,3675,5.51
,59    Psc,11.80677,19.578702,3685,6.11
,34Zet And,11.834715000000001,24.267178,3693,4.08
,60    Psc,11.848469999999999,6.740956,3697,5.98
,23    Cas,11.941785,74.847573,3721,5.42
,61    Psc,11.97843,20.925346,3730,6.51
,62    Psc,12.07254,7.299928,3760,5.92
96 G. Psc,,12.095730000000001,5.280615,3765,5.74
,Lam Hyi,12.146654999999999,-74.923438,3781,5.09
,63Del Psc,12.170595,7.585079,3786,4.44
,25Nu  Cas,12.20838,50.968168,3801,4.9
,64    Psc,12.244620000000001,16.940644,3810,5.07
Achird,24Eta Cas,12.2739,57.815187,3821,3.46
Van Maanen's Star,,12.29124,5.38861,3829,12.37
,35Nu  And,12.45351,41.078911,3881,4.53
,65    Psc,12.471494999999999,27.710286,3885,5.55
,19Phi2Cet,12.531645000000001,-10.644326,3909,5.17
,Rho Phe,12.67152,-50.986816,3949,5.24
,Lam1Tuc,13.102155,-69.503764,4084,6.67
,20    Cet,13.252065,-1.14426,4147,4.78
,21    Cet,13.573305,-8.740662,4257,6.15
,66    Psc,13.646775,19.188417,4267,5.8
,36    And,13.742085000000001,23.628335,4288,5.46
,26Ups1Cas,13.750725,58.972698,4292,4.83
,Lam2Tuc,13.751265,-69.527084,4293,5.45
,67    Psc,13.9938,27.209381,4366,6.08
,22Phi3Cet,14.006205,-11.266526,4371,5.35
Castula,28Ups2Cas,14.16648,59.181056,4422,4.62
Cih,27Gam Cas,14.177145,60.71674,4427,2.15
,37Mu  And,14.188274999999999,38.499345,4436,3.86
,38Eta And,14.301675,23.417648,4463,4.4
,68    Psc,14.458965,28.992217,4510,5.44
,Alp Scl,14.65149,-29.357449,4577,4.3
,23Phi4Cet,14.682780000000001,-11.379975,4587,5.62
,Xi  Scl,15.326100000000002,-38.916527,4770,5.59
,Ome Phe,15.507570000000001,-57.002389,4829,6.12
,Sig Scl,15.610110000000002,-31.552005,4852,5.5
,69Sig Psc,15.704565000000002,31.804263,4889,5.5
,39    And,15.726105,41.345157,4903,5.95
,71Eps Psc,15.73587,7.890135,4906,4.27
,25    Cet,15.760575,-4.836601,4914,5.4
,26    Cet,15.954285000000002,1.366846,4979,6.06
Nenque,,16.16742,-39.488217,5054,7.72
,73    Psc,16.21932,5.656262,5074,6.03
,72    Psc,16.272315,14.946133,5081,5.64
,27    Cet,16.403685000000003,-9.979323,5121,6.09
,74Psi1Psc,16.420634999999997,21.473181,5131,5.33
,74Psi1Psc,16.423785,21.465442,5132,5.55
,77    Psc,16.45512,4.908372,5141,6.35
,77    Psc,16.46433,4.90941,5144,7.26
,Bet Phe,16.521105,-46.718414,5165,3.32
,28    Cet,16.521449999999998,-9.839354,5164,5.58
,75    Psc,16.640114999999998,12.956039,5204,6.14
,Iot Tuc,16.827569999999998,-61.775289,5268,5.36
,30    Cet,16.94253,-9.78555,5296,5.71
,Ups Phe,16.949355,-41.486916,5300,5.21
,79Psi2Psc,16.98816,20.739113,5310,5.56
,41    And,17.003385,43.942092,5317,5.04
,78    Psc,17.005515000000003,32.01213,5319,6.23
,30Mu  Cas,17.062155,54.92034,5336,5.17
,80    Psc,17.0925,5.649819,5346,5.51
Wurren,Zet Phe,17.096130000000002,-55.24576,5348,3.94
,31Eta Cet,17.147460000000002,-10.182264,5364,3.46
,42Phi And,17.37552,47.241792,5434,4.26
Mirach,43Bet And,17.43291,35.620558,5447,2.07
,81Psi3Psc,17.455005,19.658408,5454,5.57
,32    Cet,17.549775,-8.906135,5485,6.4
,44    And,17.5782,42.081475,5493,5.67
,33    Cet,17.639805,2.44567,5510,5.97
,31    Cas,17.663684999999997,68.778621,5518,5.32
Emiw,,17.696355,-66.188164,5529,8.06
,33The Cas,17.775255,55.149901,5542,4.34
,82    Psc,17.778195,31.424736,5544,5.15
,45    And,17.792835,37.724121,5550,5.8
,84Chi Psc,17.86341,21.03465,5571,4.66
,83Tau Psc,17.91513,30.089638,5586,4.51
,32    Cas,17.922435,65.018854,5589,5.57
,34    Cet,17.931285,-2.251079,5594,5.93
Revati,86Zet Psc,18.432855,7.575354,5737,5.21
,85Phi Psc,18.43728,24.583713,5742,4.67
Revati B,86Zet Psc,18.4386,7.578261,5743,6.44
,87    Psc,18.531795,16.133479,5778,5.97
,37    Cet,18.600165,-7.922826,5799,5.14
,88    Psc,18.676635,6.995136,5824,6.04
,38    Cet,18.704880000000003,-0.973795,5833,5.7
,Nu  Phe,18.795645,-45.531664,5862,4.97
,Kap Tuc,18.94056,-68.875927,5896,4.25
,39    Cet,19.151205,-2.500368,5951,5.42
,89    Psc,19.44981,3.614466,6061,5.13
,90Ups Psc,19.866645000000002,27.264059,6193,4.74
,42    Cet,19.95123,-0.509029,6226,5.87
,34Phi Cas,20.020485,58.231611,6242,4.95
,35    Cas,20.27175,64.658131,6312,6.33
,91    Psc,20.280705,28.738207,6315,5.23
Adhil,46Xi  And,20.585054999999997,45.528778,6411,4.87
,43    Cet,20.645129999999998,-0.449673,6429,6.5
,47    And,20.91918,37.714943,6514,5.6
,45The Cet,21.00585,-8.183257,6537,3.6
,44    Cet,21.010575000000003,-8.007416,6539,6.21
Bélénos,,21.302069999999997,28.566693,6643,7.12
,46    Cet,21.405135,-14.598796,6670,4.9
Ruchbah,37Del Cas,21.453239999999997,60.235283,6686,2.66
,36Psi Cas,21.48312,68.130012,6692,4.72
,93Rho Psc,21.563595,19.172346,6706,5.35
,94    Psc,21.67365,19.240422,6732,5.5
,47    Cet,21.714855,-13.056512,6748,5.51
,48Ome And,21.913725,45.406687,6813,4.83
,Gam Phe,22.091385,-43.318234,6867,3.41
,48    Cet,22.400550000000003,-21.629339,6960,5.11
,97    Psc,22.470254999999998,18.355669,6981,6.01
,49    And,22.525425,47.007274,6999,5.27
,98Mu  Psc,22.546305,6.14382,7007,4.84
,38    Cas,22.806659999999997,70.264604,7078,5.82
,Del Phe,22.812765,-49.072702,7083,3.93
Alpherg,99Eta Psc,22.870875,15.345823,7097,3.62
,39Chi Cas,23.48292,59.23204,7294,4.68
,49    Cet,23.6574,-15.676359,7345,5.62
,101    Psc,23.94351,14.661422,7436,6.23
,50    Cet,23.995694999999998,-15.400183,7450,5.41
,Tau Scl,24.035415,-29.907317,7463,5.69
Titawin,50Ups And,24.199485,41.405459,7513,4.1
,102Pi  Psc,24.274649999999998,12.141535,7535,5.54
Achernar,Alp Eri,24.42834,-57.236757,7588,0.45
Nembus,51    And,24.498075,48.628213,7607,3.59
,40    Cas,24.62889,73.04004,7650,5.28
,52Chi And,24.837525,44.386165,7719,5.01
,105    Psc,24.92007,16.405858,7740,5.98
p Eridani,,24.947535,-56.1964,7751,5.76
,53Tau And,25.145055,40.577049,7818,4.96
,Tau1Hyi,25.33884,-79.1482,7879,6.33
,106Nu  Psc,25.35789,5.487613,7884,4.45
,Pi  Scl,25.535835,-32.32697,7955,5.25
,43    Cas,25.585320000000003,68.043021,7965,5.57
,107    Psc,25.62405,20.268504,7981,5.24
,42    Cas,25.732395,70.622526,8016,5.18
,44    Cas,25.832265,60.551332,8046,5.78
,Phi Per,25.915125,50.688732,8068,4.01
,52Tau Cet,26.017185,-15.93748,8102,3.49
,109    Psc,26.232615000000003,20.083149,8159,6.27
Torcular,110Omi Psc,26.34846,9.157736,8198,4.26
,Eps Scl,26.411445,-25.05261,8209,5.29
,Tau2Hyi,26.944365,-80.176311,8366,6.05
,4    Ari,27.045569999999998,16.955551,8387,5.86
,53Chi Cet,27.39627,-10.68641,8497,4.66
,1    Ari,27.53571,22.275338,8544,5.83
Baten Kaitos,55Zet Cet,27.86514,-10.335038,8645,3.74
,1    Per,27.99714,55.147385,8704,5.53
,2    Per,28.03902,50.792794,8714,5.7
Mothallah,2Alp Tri,28.27044,29.578829,8796,3.42
,55    And,28.32228,40.72979,8814,5.42
Mesarthim,5Gam2Ari,28.38255,19.293852,8832,3.88
,111Xi  Psc,28.388955000000003,3.187536,8833,4.61
,Psi Phe,28.41153,-46.302669,8837,4.39
,Phi Phe,28.59183,-42.49695,8882,5.12
Segin,45Eps Cas,28.598760000000002,63.670101,8886,3.35
Sheratan,6Bet Ari,28.66002,20.808035,8903,2.64
,Eta2Hyi,28.73358,-67.647303,8928,4.68
,Sig Hyi,28.95963,-78.348548,8991,6.15
,7    Ari,28.96266,23.577322,8993,5.76
,Chi Eri,28.98846,-51.608896,9007,3.69
,46Ome Cas,29.000055,68.685242,9009,4.97
,56    And,29.038905,37.25183,9021,5.69
,56    Cet,29.167485,-22.526785,9061,4.92
,8Iot Ari,29.33772,17.817532,9110,5.09
,9Lam Ari,29.48217,23.596061,9153,4.79
,3    Per,29.639595,49.204352,9222,5.7
,Alp Hyi,29.691765,-61.569859,9236,2.86
,57    Cet,29.942490000000003,-20.824539,9326,5.43
,59Ups Cet,30.001260000000002,-21.077831,9347,3.99
,112    Psc,30.038159999999998,3.097015,9353,5.89
,Pi  For,30.311385,-30.00183,9440,5.34
,Chi Phe,30.426599999999997,-44.713509,9459,5.15
,48    Cas,30.489659999999997,70.90702,9480,4.49
Alrescha,113Alp Psc,30.511755,2.763759,9487,3.82
,4    Per,30.575384999999997,54.487541,9505,4.99
,52    Cas,30.718694999999997,64.901466,9564,6.0
,3Eps Tri,30.741495,33.284135,9570,5.5
,53    Cas,30.75078,64.390018,9573,5.59
,60    Cet,30.798540000000003,0.128507,9589,5.42
,50    Cas,30.85902,72.421294,9598,3.95
,10    Ari,30.913905,25.935471,9621,5.64
,61    Cet,30.950715000000002,-0.340251,9631,5.96
Almach,57Gam1And,30.97476,42.329725,9640,2.1
,Nu  For,31.122660000000003,-29.296819,9677,4.68
,47    Cas,31.279725,77.281341,9727,5.27
,49    Cas,31.381544999999996,76.11506,9763,5.22
,12Kap Ari,31.641345,22.648317,9836,5.03
,11    Ari,31.70514,25.704553,9859,6.01
Hamal,13Alp Ari,31.793325000000003,23.462423,9884,2.01
,58    And,32.121809999999996,37.859077,9977,4.78
,14    Ari,32.355540000000005,25.939892,10053,4.98
,4Bet Tri,32.38587,34.987297,10064,3.0
,15    Ari,32.656635,19.500338,10155,5.68
,59    And,32.72013,39.039526,10176,6.09
,59    And,32.723625,39.043286,10180,6.82
,16    Ari,32.80023,25.936938,10203,6.01
,64    Cet,32.837835,8.569805,10212,5.64
,5    Tri,32.854245,31.526398,10220,6.24
,5    Per,32.871645,57.645543,10227,6.38
,63    Cet,32.899305000000005,-1.825429,10234,5.94
,6    Tri,33.092865,30.303067,10280,4.94
,66    Cet,33.19809,-2.393637,10305,5.65
,17Eta Ari,33.200325,21.210993,10306,5.23
,Mu  For,33.226949999999995,-30.723825,10320,5.27
,65Xi 1Cet,33.249975,8.846717,10324,4.36
,19    Ari,33.26376,15.27986,10328,5.72
,60    And,33.305535,44.231652,10340,4.84
,Pi 1Hyi,33.56049,-67.841441,10418,5.57
,55    Cas,33.621255000000005,66.524428,10438,6.05
,Pi 2Hyi,33.8691,-67.746366,10513,5.67
,21    Ari,33.928259999999995,25.043043,10535,5.57
,20    Ari,33.941835000000005,25.782937,10540,5.79
,7    Tri,33.984525,33.358895,10559,5.25
,Phi Eri,34.12731,-51.512165,10602,3.56
,67    Cet,34.24602,-6.422116,10642,5.51
,8Del Tri,34.262865,34.224231,10644,4.84
,9Gam Tri,34.328595,33.847194,10670,4.03
,8    Per,34.4994,57.89982,10718,5.75
,7    Per,34.519125,57.516321,10729,5.99
,22The Ari,34.53141,19.901164,10732,5.58
,10    Tri,34.737465,28.642674,10793,5.29
,62    And,34.820055,47.379973,10819,5.31
Mira,68Omi Cet,34.83663,-2.977643,10826,6.47
,63    And,35.242484999999995,50.151466,10944,5.57
,Del Hyi,35.43747,-68.659418,11001,4.08
,69    Cet,35.48595,0.395675,11021,5.29
,70    Cet,35.55165,-0.884852,11046,5.42
,9    Per,35.589315,55.845653,11060,5.16
,Kap For,35.63556,-23.816326,11072,5.19
,Kap Hyi,35.71845,-73.645792,11095,5.99
,64    And,36.103784999999995,50.006546,11220,5.19
,24Xi  Ari,36.204405,10.610565,11249,5.48
,Lam Hor,36.224805,-60.311947,11258,5.36
,71    Cet,36.243285,-2.780031,11261,6.34
,10    Per,36.316785,56.609823,11279,6.25
,65    And,36.4059,50.278631,11313,4.73
,72Rho Cet,36.487514999999995,-12.29048,11345,4.88
,Kap Eri,36.746325,-47.70384,11407,4.24
,11    Tri,36.865725,31.80128,11432,5.55
,66    And,36.9657,50.569974,11465,6.16
,Phi For,37.007085,-33.811039,11477,5.13
,73Xi 2Cet,37.039755,8.460054,11484,4.3
,12    Tri,37.041585,29.66933,11486,5.29
,13    Tri,37.202085,29.93176,11548,5.89
,Iot Cas,37.266555,67.402474,11569,4.46
,26    Ari,37.660064999999996,19.855301,11678,6.14
,27    Ari,37.72665,17.703856,11698,6.21
,Mu  Hyi,37.91751,-79.109382,11757,5.27
Polaris,1Alp UMi,37.94625,89.264109,11767,1.97
,76Sig Cet,38.02179,-15.244677,11783,4.74
,14    Tri,38.02567500000001,36.147271,11784,5.15
,75    Cet,38.03925,-1.034896,11791,5.36
,29    Ari,38.22558,15.034554,11843,6.0
,Lam1For,38.27928,-34.649967,11867,5.91
,Ome For,38.461275,-28.232343,11918,4.96
,77    Cet,38.677605,-7.859445,12002,5.74
,15    Tri,38.94504,34.687558,12086,5.38
,78Nu  Cet,38.968635,5.593246,12093,4.87
,80    Cet,39.000195000000005,-7.831597,12107,5.53
268 G. Cet,,39.020355,6.88687,12114,5.79
,Iot1For,39.038610000000006,-30.044978,12122,5.74
,31    Ari,39.157965,12.447639,12153,5.64
,30    Ari,39.240555,24.648063,12184,7.1
,Lam2For,39.244215,-34.577977,12186,5.78
,30    Ari,39.25215,24.647222,12189,6.48
Buna,,39.258,42.062633,12191,7.28
,Eta Hor,39.351375000000004,-52.543086,12225,5.3
,81    Cet,39.42417,-3.396175,12247,5.65
,Iot2For,39.577725,-30.194062,12288,5.84
,32Nu  Ari,39.704145,21.961408,12332,5.45
,82Del Cet,39.87066,0.328511,12387,4.08
,83Eps Cet,39.890969999999996,-11.872156,12390,4.83
,Eps Hyi,39.896985,-68.266946,12394,4.12
,Zet Hor,40.164989999999996,-54.549911,12484,5.21
,Iot Eri,40.166714999999996,-39.855375,12486,4.11
,33    Ari,40.171125,27.060943,12489,5.3
,84    Cet,40.308330000000005,-0.695653,12530,5.72
,12    Per,40.56216,40.193944,12623,4.91
,34Mu  Ari,40.59141,20.011465,12640,5.74
,Iot Hor,40.638974999999995,-50.800294,12653,5.4
,11    Per,40.761765000000004,55.106019,12692,5.76
Kaffaljidhma,86Gam Cet,40.82517,3.235818,12706,3.47
,35    Ari,40.86297,27.707146,12719,4.65
,14    Per,41.02149,44.29704,12768,5.43
,89Pi  Cet,41.030625,-13.858696,12770,4.24
,13The Per,41.04951,49.228448,12777,4.1
,36    Ari,41.07963,17.763928,12784,6.4
,37Omi Ari,41.137395,15.311862,12803,5.78
,87Mu  Cet,41.235585,10.114146,12828,4.27
,38    Ari,41.239920000000005,12.445761,12832,5.17
,1Tau1Eri,41.275725,-18.572563,12843,4.47
,Gam Hor,41.364435,-63.704553,12871,5.73
,Zet Hyi,41.38572,-67.616617,12876,4.83
Koeia,,41.678625,-23.086611,12961,10.25
,Eta1For,41.89065,-35.550621,13040,6.51
Lilii Borea,39    Ari,41.9772,29.247118,13061,4.52
,40    Ari,42.133695,18.28379,13108,5.83
,Nu  Hor,42.25593,-62.806521,13141,5.25
,Bet For,42.272535000000005,-32.405898,13147,4.45
,42Pi  Ari,42.323159999999994,17.464309,13165,5.26
Nushagak,,42.43488,71.753232,13192,8.17
,Gam1For,42.46236,-24.560311,13197,6.14
,Gam2For,42.47574,-27.941981,13202,5.39
Bharani,41    Ari,42.495945,27.260507,13209,3.61
,Eta2For,42.56157,-35.843636,13225,5.92
,Nu  Hyi,42.618825,-75.066947,13244,4.76
,16    Per,42.645945,38.318644,13254,4.22
,Eta3For,42.668355,-35.675849,13265,5.48
Miram,15Eta Per,42.674175,55.895496,13268,3.77
Angetenar,2Tau2Eri,42.759675,-21.004019,13288,4.76
,43Sig Ari,42.87327,15.082071,13327,5.52
,17    Per,42.87849,35.059741,13328,4.56
,Psi For,43.393275,-38.437004,13473,5.93
,20    Per,43.42752,38.337488,13490,5.34
,18Tau Per,43.564425,52.762479,13531,3.93
,45Rho2Ari,43.95207,18.33164,13654,5.76
Azha,3Eta Eri,44.10687,-8.898144,13701,3.89
,46Rho3Ari,44.108940000000004,18.023119,13702,5.58
,21    Per,44.32201499999999,31.934219,13775,5.1
,4    Eri,44.349,-23.862164,13782,5.44
,47    Ari,44.52171,20.668733,13834,5.8
,6    Eri,44.52387,-23.606012,13835,5.82
Acamar,The1Eri,44.565345,-40.304672,13847,2.88
,22Pi  Per,44.69028,39.662728,13879,4.68
,Bet Hor,44.699085,-64.071284,13884,4.98
,24    Per,44.76534,35.183128,13905,4.94
,48Eps Ari,44.80302,21.340429,13914,4.63
,Zet For,44.900715,-25.274133,13942,5.69
,5    Eri,44.921504999999996,-2.464952,13951,5.56
,91Lam Cet,44.92875,8.907365,13954,4.71
Ayeyarwady,,45.044415,-20.802604,13993,7.81
,7    Eri,45.211995,-2.878618,14040,6.11
,8Rho1Eri,45.291765,-7.663012,14060,5.75
,Eps For,45.406724999999994,-28.091554,14086,5.88
,49    Ari,45.47559,26.462354,14109,5.91
,The Hyi,45.564225,-71.902457,14131,5.51
Menkar,92Alp Cet,45.56988,4.089734,14135,2.54
,93    Cet,45.59382,4.352884,14143,5.62
,11Tau3Eri,45.597945,-23.624472,14146,4.08
,9Rho2Eri,45.67614,-7.685472,14168,5.32
,Mu  Hor,45.903585,-59.737775,14240,5.12
,10Rho3Eri,46.06881,-7.600857,14293,5.26
,23Gam Per,46.19913,53.50644,14328,2.91
,25Rho Per,46.29405,38.840274,14354,3.32
,52    Ari,46.361205,25.255174,14376,5.45
,53    Ari,46.85697,17.879995,14514,6.13
Algol,26Bet Per,47.04222,40.955648,14576,2.09
,54    Ari,47.087954999999994,18.795053,14586,6.24
,Iot Per,47.265075,49.613278,14632,4.05
Misam,27Kap Per,47.37387,44.857544,14668,3.79
,55    Ari,47.40309,29.07708,14677,5.74
,28Ome Per,47.822444999999995,39.611582,14817,4.61
Botein,57Del Ari,47.90733,19.726677,14838,4.35
Dalim,Alp For,48.018735,-28.987618,14879,3.8
,56    Ari,48.059355,27.256968,14893,5.78
,94    Cet,48.193485,-1.196101,14954,5.07
,58Zet Ari,48.7254,21.044441,15110,4.87
Zibal,13Zet Eri,48.958439999999996,-8.81973,15197,4.8
,Iot Hyi,48.989264999999996,-77.388454,15201,5.51
,14    Eri,49.14903,-9.154676,15244,6.14
,Zet1Ret,49.438545,-62.575322,15330,5.53
,30    Per,49.447275000000005,44.025024,15338,5.49
,Zet2Ret,49.549635,-62.506363,15371,5.24
,15    Eri,49.5921,-22.511118,15382,4.86
,95    Cet,49.593435,-0.930288,15383,5.62
,29    Per,49.65723,50.222174,15404,5.16
,31    Per,49.781805,50.094966,15444,5.05
,96Kap1Cet,49.840395,3.370198,15457,4.84
,16Tau4Eri,49.87917,-21.757864,15474,3.7
82 G. Eri,,49.97916,-43.069784,15510,4.26
,59    Ari,49.98249,27.071134,15514,5.91
,60    Ari,50.106555,25.662739,15557,6.14
Intan,,50.177745,-33.730104,15578,9.92
,97Kap2Cet,50.27835,3.67562,15619,5.7
,61Tau1Ari,50.306760000000004,21.147086,15627,5.27
,32    Per,50.360715,43.329651,15648,4.96
,62    Ari,50.549549999999996,27.607553,15696,5.55
,63Tau2Ari,50.68851,20.742069,15737,5.1
,64    Ari,51.07698,24.724063,15861,5.5
Mirfak,33Alp Per,51.08067,49.86118,15863,1.79
,65    Ari,51.108825,20.803489,15870,6.07
,1Omi Tau,51.20331,9.02887,15900,3.61
,Chi1For,51.482654999999994,-35.920885,15987,6.39
,2Xi  Tau,51.7923,9.73268,16083,3.73
,Chi2For,51.889215,-35.681323,16112,5.71
,Chi3For,52.048004999999996,-35.853426,16156,6.49
,66    Ari,52.11069,22.804006,16181,6.03
,34    Per,52.341840000000005,49.508948,16244,4.67
,Kap Ret,52.34337,-62.937527,16245,4.71
,4    Tau,52.601955000000004,11.336442,16322,5.14
,35Sig Per,52.643685,47.995216,16335,4.36
,17    Eri,52.65441,-5.075145,16341,4.74
,5    Tau,52.718235,12.936678,16369,4.14
,36    Per,53.109465,46.056862,16499,5.3
,6    Tau,53.149785,9.373438,16511,5.76
Ran,18Eps Eri,53.23272,-9.458262,16537,3.72
,19Tau5Eri,53.446979999999996,-21.632883,16611,4.26
,7    Tau,53.61093,24.464393,16664,5.95
,20    Eri,54.072554999999994,-17.467064,16803,5.24
,37Psi Per,54.122385,48.192634,16826,4.32
,10    Tau,54.218265,0.401662,16852,4.29
,Tau For,54.698625,-27.943054,17007,6.01
,21    Eri,54.754650000000005,-5.62621,17027,5.97
Tupi,,54.929880000000004,-52.915838,17096,7.12
,12    Tau,54.963015,3.056863,17103,5.55
,22    Eri,55.159725,-5.210706,17167,5.53
,11    Tau,55.19295,25.329492,17181,6.11
,Del For,55.562085,-31.938361,17304,4.99
,13    Tau,55.578945,19.700254,17309,5.68
,40    Per,55.594364999999996,33.965026,17313,4.97
,39Del Per,55.73124,47.787551,17358,3.01
Rana,23Del Eri,55.81209,-9.763395,17378,3.52
,14    Tau,55.9467,19.665032,17408,6.13
,Bet Ret,56.048895,-64.806903,17440,3.84
Atik,38Omi Per,56.07972,32.288248,17448,3.84
,24    Eri,56.12712,-1.163091,17457,5.24
Celaeno,16    Tau,56.200889999999994,24.28947,17489,5.45
Electra,17    Tau,56.218905,24.113339,17499,3.72
,25    Eri,56.235405,-0.29672,17506,5.56
,18    Tau,56.290575000000004,24.83926,17527,5.66
,41Nu  Per,56.298480000000005,42.578549,17529,3.77
Taygeta,19    Tau,56.30205,24.467278,17531,4.3
,29    Tau,56.41851,6.049991,17563,5.34
Maia,20    Tau,56.456685,24.367748,17573,3.87
Asterope,21    Tau,56.47698,24.554511,17579,5.76
,22    Tau,56.512080000000005,24.527898,17588,6.43
,26Pi  Eri,56.535555,-12.101589,17593,4.43
Merope,23    Tau,56.58156,23.948358,17608,4.14
,Sig For,56.61429,-29.338157,17618,5.91
,27Tau6Eri,56.712059999999994,-23.249723,17651,4.22
,Gam Hyi,56.809425,-74.238962,17678,3.26
Alcyone,25Eta Tau,56.87115,24.105137,17702,2.85
,28Tau7Eri,56.915205,-23.874677,17717,5.24
,Rho For,56.9835,-30.167882,17738,5.52
,30    Tau,57.067785,11.143294,17771,5.08
Atlas,27    Tau,57.290595,24.053415,17847,3.62
Pleione,28    Tau,57.29673,24.136712,17851,5.05
,42    Per,57.38622,33.091382,17886,5.14
,Gam Cam,57.589529999999996,71.332266,17959,4.59
,31    Tau,58.00095,6.534907,18089,5.66
,30    Eri,58.17357,-5.361259,18141,5.48
,33Tau8Eri,58.427925,-24.61223,18216,4.64
,44Zet Per,58.533,31.883635,18246,2.84
,32    Eri,58.57293,-2.95473,18255,4.46
,43    Per,59.15205,50.695381,18453,5.28
,32    Tau,59.21697,22.477971,18471,5.62
,33    Tau,59.26587,23.17555,18485,6.05
,45Eps Per,59.46345,40.010215,18532,2.9
Zaurak,34Gam Eri,59.507355,-13.508515,18543,2.97
,Del Ret,59.686425,-61.400185,18597,4.56
Menkib,46Xi  Per,59.741249999999994,35.791033,18614,3.98
,36Tau9Eri,59.981175,-24.016215,18673,4.62
,35Lam Tau,60.17007,12.490347,18724,3.41
,Gam Ret,60.22419,-62.159284,18744,4.48
,Iot Ret,60.32545499999999,-61.078822,18772,4.97
,35    Eri,60.383535,-1.54966,18788,5.28
,38Nu  Tau,60.78909,5.989305,18907,3.91
,40    Tau,60.935849999999995,5.435624,18957,5.32
,36    Tau,61.090305,24.105993,19009,5.46
,37    Tau,61.173795,22.081926,19038,4.36
,39    Tau,61.33437,22.008905,19076,5.9
,47Lam Per,61.646024999999995,50.351262,19167,4.25
,41    Tau,61.65171,27.599903,19171,5.18
,42Psi Tau,61.751925,29.001299,19205,5.21
,49    Per,62.06418,37.727493,19302,6.07
,50    Per,62.152455,38.039733,19335,5.52
,48    Per,62.165355000000005,47.712513,19343,3.96
,43Ome1Tau,62.29152,19.609217,19388,5.51
,37    Eri,62.593845,-6.923852,19483,5.44
,44    Tau,62.707755,26.480952,19513,5.39
,Del Hor,62.71062,-41.993573,19515,4.93
,45    Tau,62.834505,5.523047,19554,5.71
Beid,38Omi1Eri,62.966415,-6.837581,19587,4.04
,46    Tau,63.387930000000004,7.716045,19719,5.29
,47    Tau,63.484935,9.263824,19740,4.84
,Alp Hor,63.500445,-42.294368,19747,3.85
,39    Eri,63.59871,-10.256283,19777,4.87
,Alp Ret,63.60606,-62.473858,19780,3.33
,52    Per,63.722145,40.483671,19811,4.67
,51Mu  Per,63.724425,48.409331,19812,4.12
Keid,40Omi2Eri,63.818055,-7.652871,19849,4.43
,49Mu  Tau,63.88357500000001,8.892357,19860,4.27
,48    Tau,63.942840000000004,15.400695,19877,6.31
,Gam Dor,64.00645499999999,-51.486648,19893,4.26
,Eps Ret,64.12107,-59.302156,19921,4.44
,50Ome2Tau,64.31526,20.578591,19990,4.93
,The Ret,64.41778500000001,-63.255405,20020,5.88
,41Ups4Eri,64.473555,-33.798348,20042,3.55
,Del Men,64.49664,-80.214033,20049,5.67
,51    Tau,64.59666,21.579297,20087,5.64
,53    Tau,64.85874,21.142307,20171,5.5
,56    Tau,64.90293,21.773491,20186,5.34
Prima Hyadum,54Gam Tau,64.948335,15.627642,20205,3.65
,57    Tau,64.990425,14.035201,20219,5.58
,52Phi Tau,65.08840500000001,27.350754,20250,4.97
,54    Per,65.10267,34.566725,20252,4.93
,58    Tau,65.151285,15.095453,20261,5.26
,Nu  Men,65.24182499999999,-81.57992,20297,5.78
,53    Per,65.388165,46.498878,20354,4.8
,Eta Ret,65.47194,-63.386391,20384,5.24
,60    Tau,65.514645,14.077198,20400,5.72
,59Chi Tau,65.645595,25.629314,20430,5.38
Secunda Hyadum,61Del1Tau,65.73370499999999,17.542514,20455,3.77
,63    Tau,65.85441,16.77726,20484,5.64
,42Xi  Eri,65.920215,-3.74547,20507,5.17
,66    Tau,65.965935,9.460968,20522,5.1
,62    Tau,65.99901,24.300992,20533,6.34
Beemim,43    Eri,66.009195,-34.016846,20535,3.97
,64Del2Tau,66.023985,17.44413,20542,4.8
,55    Per,66.12147,34.130758,20579,5.73
,56    Per,66.15606,33.959686,20591,5.77
,65Kap1Tau,66.34233,22.293874,20635,4.21
,67Kap2Tau,66.35421,22.199998,20641,5.27
,68Del3Tau,66.37241999999999,17.92791,20648,4.3
,70    Tau,66.40548,15.94101,20661,6.44
,69Ups Tau,66.576915,22.813583,20711,4.28
,71    Tau,66.58641,15.618265,20713,4.48
,73Pi  Tau,66.651555,14.713782,20732,4.69
,72    Tau,66.822705,22.996337,20789,5.53
,76    Tau,67.097505,14.740974,20873,5.9
,75    Tau,67.10988,16.359672,20877,4.96
,77The1Tau,67.14372,15.962181,20885,3.84
Ain,74Eps Tau,67.154145,19.180431,20889,3.53
Chamukuy,78The2Tau,67.165575,15.870883,20894,3.4
,79    Tau,67.209015,13.047602,20901,5.02
,80    Tau,67.53582,15.63784,20995,5.58
,83    Tau,67.65567,13.724402,21036,5.4
,81    Tau,67.66203,15.691879,21039,5.47
,Del Cae,67.70874,-44.953749,21060,5.07
Hoggar,,67.856055,4.575287,21109,8.38
,85    Tau,67.96564500000001,15.85156,21137,6.01
,45    Eri,67.96944,-0.044011,21139,4.91
,1    Cam,68.007675,53.91083,21148,5.78
,57    Per,68.353755,43.063893,21242,6.09
,50Ups1Eri,68.37734999999999,-29.766492,21248,4.49
,86Rho Tau,68.46214499999999,14.844424,21273,4.65
,46    Eri,68.47803,-6.738908,21278,5.71
,Alp Dor,68.49897,-55.044975,21281,3.3
,47    Eri,68.548455,-8.231352,21296,5.2
Theemin,52Ups2Eri,68.88768,-30.562341,21393,3.81
,88    Tau,68.913585,10.16079,21402,4.25
Aldebaran,87Alp Tau,68.98015500000001,16.509301,21421,0.87
,48Nu  Eri,69.079755,-3.352459,21444,3.93
,58    Per,69.17262,41.264808,21476,4.25
,51    Eri,69.400545,-2.473548,21547,5.22
,89    Tau,69.53934000000001,16.033291,21588,5.78
,90    Tau,69.539415,12.510838,21589,4.27
Sceptrum,53    Eri,69.54509999999999,-14.30402,21594,3.86
,91Sig1Tau,69.78840000000001,15.799846,21673,5.08
,92Sig2Tau,69.81874499999999,15.917977,21683,4.67
,3    Cam,69.97785,53.079535,21727,5.07
,2    Cam,69.99189,53.473021,21730,5.36
,93    Tau,70.01424,12.197609,21735,5.45
,54    Eri,70.110465,-19.671493,21763,4.32
,Alp Cae,70.140585,-41.863752,21770,4.44
,Bet Cae,70.514475,-37.144297,21861,5.04
,94Tau Tau,70.56126,22.956926,21881,4.27
,Lam Pic,70.69348500000001,-50.481334,21914,5.3
,59    Per,70.72633499999999,43.365138,21928,5.3
,Mu  Men,70.76646,-70.931027,21949,5.53
,95    Tau,70.80731999999999,24.08892,21961,6.18
,55    Eri,70.89477,-8.794317,21986,5.98
,56    Eri,71.022165,-8.503571,22024,5.78
,Kap Dor,71.088075,-59.732733,22040,5.28
,57Mu  Eri,71.375625,-3.254657,22109,4.01
,58    Eri,71.901195,-16.934456,22263,5.49
,Zet Cae,71.95656,-30.020372,22280,6.35
,4    Cam,72.001035,56.757183,22287,5.29
,59    Eri,72.135555,-16.329484,22325,5.76
,96    Tau,72.43368,15.904221,22441,6.09
Tabit,1Pi 3Ori,72.460035,6.961276,22449,3.19
,60    Eri,72.5484,-16.217159,22479,5.03
Mouhoun,,72.57442499999999,-24.368839,22491,7.91
,2Pi 2Ori,72.65301,8.900176,22509,4.35
,Iot Pic,72.73059,-53.461508,22531,5.58
,Iot Pic,72.73554,-53.459698,22534,6.42
,3Pi 4Ori,72.80151000000001,5.605104,22549,3.68
,97    Tau,72.843585,18.839861,22565,5.08
,4Omi1Ori,73.133175,14.250642,22667,4.71
,2    Aur,73.15827,36.703187,22678,4.79
,61Ome Eri,73.223625,-5.452695,22701,4.36
,5    Ori,73.344885,2.508225,22730,5.33
,9Alp Cam,73.51254,66.342678,22783,4.26
,8Pi 5Ori,73.562895,2.440672,22797,3.71
,6    Ori,73.695405,11.426006,22833,5.18
,7Pi 1Ori,73.72386,10.150833,22845,4.64
,5    Cam,73.76305500000001,55.259109,22854,5.52
,Eta Men,73.796475,-74.936852,22871,5.47
,9Omi2Ori,74.092815,13.514466,22957,4.06
,62    Eri,74.10078,-5.171356,22958,5.5
Hassaleh,3Iot Aur,74.24840999999999,33.16609,23015,2.69
,7    Cam,74.3217,53.752101,23040,4.43
,99    Tau,74.45269499999999,23.948562,23068,5.79
,98    Tau,74.539125,25.050405,23088,5.79
,10Pi 6Ori,74.63709,1.714016,23123,4.47
,Xi  Men,74.712435,-82.470512,23148,5.84
,4Ome Aur,74.81418000000001,37.890245,23179,4.93
,8    Cam,74.94305999999999,53.155451,23216,6.09
,63    Eri,74.96021999999999,-10.263325,23221,5.39
,64    Eri,74.98223999999999,-12.537416,23231,4.78
,5    Aur,75.076425,39.394701,23261,5.95
,6    Aur,75.096735,39.654653,23268,6.46
,65Psi Eri,75.359775,-7.173965,23364,4.8
Almaaz,7Eps Aur,75.492225,43.823308,23416,3.03
Saclateni,8Zet Aur,75.61951499999999,41.075837,23453,3.69
,Bet Men,75.679185,-71.3143,23467,5.3
,1    Lep,75.68742,-22.795052,23474,5.74
,Eta1Pic,75.70291499999999,-49.151407,23482,5.37
,102Iot Tau,75.77394,21.589962,23497,4.62
,10Bet Cam,75.85454999999999,60.442245,23522,4.03
,Gam1Cae,76.10159999999999,-35.482978,23595,4.55
,Gam2Cae,76.108965,-35.705109,23596,6.32
,11    Ori,76.14229499999999,15.404105,23607,4.65
,Eta2Pic,76.24164,-49.577837,23649,5.05
,2Eps Lep,76.36527,-22.371032,23685,3.19
,Zet Dor,76.377795,-57.472704,23693,4.71
,11    Cam,76.535235,58.972372,23734,5.22
,12    Cam,76.55058,59.02134,23743,6.08
Haedus,10Eta Aur,76.6287,41.234474,23767,3.18
,9    Aur,76.669335,51.59772,23783,4.98
,66    Eri,76.69021500000001,-4.655163,23794,5.12
,104    Tau,76.86246,18.645052,23835,4.91
,13    Ori,76.90963500000001,9.47178,23852,6.15
,106    Tau,76.951665,20.418379,23871,5.28
Cursa,67Bet Eri,76.962435,-5.086446,23875,2.78
,14    Ori,76.970385,8.498429,23879,5.33
,105    Tau,76.98099,21.704821,23883,5.84
,103    Tau,77.027595,24.265175,23900,5.5
,68    Eri,77.18208,-4.456207,23941,5.11
,69Lam Eri,77.2866,-8.754081,23972,4.25
,16    Ori,77.33184,9.829579,23983,5.43
Mago,,77.402715,69.639401,24003,6.43
,15    Ori,77.42481000000001,15.597232,24010,4.81
Kapteyn's Star,,77.91253499999999,-45.018417,24186,8.86
,3Iot Lep,78.074595,-11.869219,24244,4.45
,5Mu  Lep,78.23292,-16.205468,24305,3.29
,4Kap Lep,78.30783,-12.941291,24327,4.36
,17Rho Ori,78.322845,2.861265,24331,4.46
,11Mu  Aur,78.35716500000001,38.484498,24340,4.82
,14    Cam,78.380295,62.691132,24348,6.49
,The Dor,78.43932000000001,-67.185255,24372,4.81
Rigel,19Bet Ori,78.63447,-8.20164,24436,0.18
,14    Aur,78.851655,32.6876,24504,5.01
,108    Tau,78.86523,22.284858,24512,6.26
,18    Ori,79.017225,11.341354,24555,5.52
Capella,13Alp Aur,79.17225,45.997991,24608,0.08
,Omi Col,79.371165,-34.895207,24659,4.81
,20Tau Ori,79.40163,-6.844409,24674,3.59
,16    Aur,79.54402499999999,33.371613,24727,4.54
,17    Aur,79.578735,33.767348,24740,6.15
,15Lam Aur,79.784925,40.099051,24813,4.69
,21    Ori,79.796745,2.595806,24817,5.34
,109    Tau,79.81917,22.096494,24822,4.96
,Zet Pic,79.842195,-50.605967,24829,5.44
,18    Aur,79.84891499999999,33.985421,24832,6.49
,15    Cam,79.86606,58.117365,24836,6.13
,6Lam Lep,79.893855,-13.176788,24845,4.29
,7Nu  Lep,79.99593,-12.315585,24873,5.29
,19    Aur,80.003835,33.958054,24879,5.05
,22    Ori,80.44062,-0.382465,25044,4.72
,20Rho Aur,80.45172,41.804572,25048,5.22
,Kap Pic,80.592285,-56.134401,25098,6.1
,23    Ori,80.70834,3.544452,25142,4.99
,22    Aur,80.84529,28.936761,25192,6.45
,16    Cam,80.865975,57.544395,25197,5.24
,8    Lep,80.87565,-13.927352,25202,5.25
,110    Tau,80.907105,16.699298,25216,6.09
,29    Ori,80.986785,-7.808065,25247,4.13
,111    Tau,81.106065,17.383534,25278,5.0
,28Eta Ori,81.119235,-2.397146,25281,3.35
,27    Ori,81.12045,-0.891328,25282,5.07
,21Sig Aur,81.163095,37.385346,25292,5.02
,25Psi1Ori,81.18678,1.846445,25302,4.89
,The Pic,81.19287,-52.316245,25303,6.26
Bellatrix,24Gam Ori,81.282765,6.349702,25336,1.64
,113    Tau,81.52384500000001,16.700161,25410,6.23
Elnath,112Bet Tau,81.57297,28.60745,25428,1.65
,Lam Dor,81.580305,-58.91252,25429,5.14
,30Psi2Ori,81.70929,3.095674,25473,4.59
,115    Tau,81.79206,17.962216,25499,5.4
,114    Tau,81.908685,21.936965,25539,4.88
,24Phi Aur,81.91203,34.475892,25541,5.08
,116    Tau,81.940035,15.874052,25555,5.52
,117    Tau,82.00671,17.23913,25583,5.77
Nihal,9Bet Lep,82.06134,-20.759441,25606,2.81
,118    Tau,82.31874,25.150215,25695,5.47
,31    Ori,82.43325,-1.092239,25737,4.71
,17    Cam,82.542525,63.06722,25769,5.43
,32    Ori,82.69605,5.948139,25813,4.2
,10    Lep,82.78177500000001,-20.863659,25853,5.53
,Eps Col,82.80313500000001,-35.470519,25859,3.86
,33    Ori,82.810545,3.292133,25861,5.46
,Gam Men,82.96977,-76.340964,25918,5.18
,36Ups Ori,82.982745,-7.301537,25923,4.62
Mintaka,34Del Ori,83.001675,-0.299092,25930,2.25
,119    Tau,83.05312500000001,18.594234,25945,4.32
,18    Cam,83.140605,57.221071,25973,6.44
,25Chi Aur,83.181975,32.192022,25984,4.71
Arneb,11Alp Lep,83.18256000000001,-17.822289,25985,2.58
,120    Tau,83.38179,18.540231,26064,5.67
,Bet Dor,83.40631499999999,-62.489825,26069,3.76
,35    Ori,83.476185,14.305578,26093,5.6
,38    Ori,83.56989,3.766895,26126,5.32
,37Phi1Ori,83.70516,9.489579,26176,4.39
Meissa,39Lam Ori,83.78449499999999,9.934158,26207,3.39
,41The1Ori,83.81592,-5.387315,26220,4.98
,41The1Ori,83.818605,-5.389696,26221,5.13
,41The1Ori,83.821665,-5.38768,26224,6.71
,43The2Ori,83.84542499999999,-5.41606,26235,4.98
,42    Ori,83.84652,-4.838358,26237,4.58
Hatysa,44Iot Ori,83.85826499999999,-5.909901,26241,2.75
,121    Tau,83.863035,24.039589,26248,5.37
,Iot Men,83.90057999999999,-78.820839,26264,6.04
,45    Ori,83.914515,-4.856067,26268,5.24
Alnilam,46Eps Ori,84.05338499999999,-1.20192,26311,1.69
,40Phi2Ori,84.22662,9.290673,26366,4.09
Bubup,,84.25753499999999,-73.699343,26380,6.69
,122    Tau,84.26556,17.040324,26382,5.53
,Pi  Men,84.2874,-80.469122,26394,5.65
,19    Cam,84.31278,64.15469,26408,6.15
,Nu 1Col,84.318765,-27.871362,26412,6.15
Tianguan,123Zet Tau,84.41119499999999,21.142549,26451,2.97
,Nu 2Col,84.435915,-28.68969,26460,5.28
,26    Aur,84.65869500000001,30.492412,26536,5.4
,48Sig Ori,84.68653499999999,-2.600069,26549,3.77
,49    Ori,84.721185,-7.212829,26563,4.77
,47Ome Ori,84.79643999999999,4.121467,26594,4.5
Phact,Alp Col,84.912255,-34.074108,26634,2.65
,125    Tau,84.93415499999999,25.897091,26640,5.18
Alnitak,50Zet Ori,85.189695,-1.942572,26727,1.74
,126    Tau,85.323825,16.534148,26777,4.84
,12    Lep,85.558155,-22.373715,26865,5.88
,51    Ori,85.619295,1.474629,26885,4.9
,24    Cam,85.75695,56.581522,26942,6.05
,23    Cam,86.03523,61.476536,27046,6.17
,13Gam Lep,86.115855,-22.448382,27072,3.59
,Del Dor,86.193345,-65.735526,27100,4.34
,27Omi Aur,86.47518,49.826255,27196,5.46
,Mu  Col,86.499555,-32.306435,27204,5.18
,26    Cam,86.62659000000001,56.115575,27249,5.93
,129    Tau,86.689575,15.822497,27265,6.0
,14Zet Lep,86.738925,-14.82195,27288,3.55
,131    Tau,86.804805,14.488322,27316,5.72
,Bet Pic,86.821185,-51.066514,27321,3.85
,130    Tau,86.85915,17.729141,27338,5.47
,133    Tau,86.92877999999999,13.899599,27364,5.28
Saiph,53Kap Ori,86.939115,-9.669605,27366,2.07
,Lam Men,86.95059,-72.70225,27369,6.54
,52    Ori,87.000975,6.454156,27386,5.26
,132    Tau,87.254025,24.567535,27468,4.88
,29Tau Aur,87.293505,39.181071,27483,4.51
,134    Tau,87.38721000000001,12.651324,27511,4.89
,Gam Pic,87.456765,-56.166663,27530,4.5
,Eps Dor,87.473085,-66.901187,27534,5.1
,Kap Men,87.569985,-79.361362,27566,5.46
,135    Tau,87.620445,14.305608,27581,5.54
,29    Cam,87.641175,56.918938,27592,6.53
Wazn,Bet Col,87.739935,-35.768309,27628,3.12
,31Ups Aur,87.760125,37.305573,27639,4.72
,15Del Lep,87.830355,-20.879089,27654,3.76
,55    Ori,87.841605,-7.518003,27658,5.36
,32Nu  Aur,87.87249,39.14848,27673,3.97
,30    Cam,88.0719,58.964088,27731,6.14
,137    Tau,88.092885,14.171787,27743,5.6
,56    Ori,88.11016500000001,1.855134,27750,4.76
,Lam Col,88.278675,-33.801361,27810,4.88
,136    Tau,88.33185,27.612262,27830,4.56
,54Chi1Ori,88.59579000000001,20.276174,27913,4.39
,30Xi  Aur,88.71160499999999,55.706947,27949,4.96
,57    Ori,88.73619000000001,19.749614,27965,5.92
,31    Cam,88.74094500000001,59.888367,27971,5.2
Betelgeuse,58Alp Ori,88.792935,7.407063,27989,0.45
,Xi  Col,88.874625,-37.120668,28010,4.97
,Sig Col,89.087265,-31.38244,28098,5.52
,16Eta Lep,89.10123,-14.1677,28103,3.71
,Gam Col,89.38420500000001,-35.28328,28199,4.36
,139    Tau,89.498565,25.953912,28237,4.81
,59    Ori,89.60184,1.837108,28271,5.89
,60    Ori,89.70655500000001,0.552979,28296,5.21
,1    Mon,89.754495,-9.382223,28321,6.15
,2    Mon,89.76796499999999,-9.55825,28325,5.04
,Eta Col,89.78667,-42.815135,28328,3.96
,33Del Aur,89.88166500000001,54.284656,28358,3.72
Menkalinan,34Bet Aur,89.88223500000001,44.947433,28360,1.9
Mahasim,37The Aur,89.930265,37.212585,28380,2.65
,35Pi  Aur,89.98375499999999,45.936736,28404,4.3
,36    Aur,90.244005,47.901923,28499,5.71
,3    Mon,90.460095,-10.59793,28574,4.92
,61Mu  Ori,90.59583,9.647276,28614,4.12
,38    Aur,90.82473,42.911564,28677,6.08
,64    Ori,90.86403,19.690561,28691,5.14
,62Chi2Ori,90.979935,20.138452,28716,4.64
,1    Gem,91.03006500000001,23.263341,28734,4.16
,63    Ori,91.242435,5.41997,28812,5.67
,66    Ori,91.24317,4.158671,28814,5.63
,17    Lep,91.246365,-16.484435,28816,4.92
,39    Aur,91.26414,42.981635,28823,5.9
,18The Lep,91.53885,-14.935254,28910,4.67
,Eta1Dor,91.539045,-66.039621,28909,5.72
,40    Aur,91.646235,38.482644,28946,5.35
,Pi 1Col,91.67103,-42.298804,28957,6.15
Elkurud,The Col,91.88179500000001,-37.25292,29034,5.0
,67Nu  Ori,91.893015,14.768472,29038,4.42
,19    Lep,91.923495,-19.165866,29048,5.28
,Pi 2Col,91.97025000000001,-42.154043,29064,5.5
,Nu  Dor,92.18464499999999,-68.843409,29134,5.06
,3    Gem,92.43327000000001,23.113466,29225,5.75
,37    Cam,92.49584999999999,58.935694,29246,5.35
,Alp Men,92.55948000000001,-74.753045,29271,5.08
,Del Pic,92.57463,-54.968645,29276,4.72
,Eta2Dor,92.8125,-65.589417,29353,5.01
,5    Gem,92.884605,24.420253,29379,5.83
,41    Aur,92.90244,48.710989,29388,5.78
,70Xi  Ori,92.984985,14.208765,29426,4.45
,68    Ori,93.00558,19.790543,29433,5.76
,69    Ori,93.01366499999999,16.130406,29434,4.95
,6    Gem,93.079575,22.908514,29450,6.51
,36    Cam,93.21273000000001,65.718422,29490,5.36
Amadioha,,93.398535,-29.897269,29550,8.98
,71    Ori,93.712005,19.156448,29650,5.2
,5Gam Mon,93.71388,-6.274776,29651,3.99
Propus,7Eta Gem,93.719415,22.506799,29655,3.31
,44Kap Aur,93.84456,29.498076,29696,4.32
,72    Ori,93.85470000000001,16.143175,29704,5.34
,40    Cam,93.918855,59.998975,29730,5.37
,73    Ori,93.93735,12.551067,29736,5.44
,8    Gem,94.07935499999999,23.970027,29789,6.09
,74    Ori,94.11091499999999,12.272163,29800,5.04
,Kap Col,94.13806500000001,-35.140519,29807,4.37
,9    Gem,94.24461000000001,23.740909,29840,6.24
,75    Ori,94.27758,9.94239,29850,5.39
,42    Aur,94.3944,46.423953,29884,6.53
,6    Mon,94.39635,-10.724988,29885,6.76
,1    Lyn,94.478445,61.515286,29919,5.01
,43    Aur,94.57026,46.360443,29949,6.33
,2    Lyn,94.90578000000001,59.010964,30060,4.44
,7    Mon,94.928325,-7.822908,30073,5.27
Red Rectangle,,94.99257,-10.637414,30089,8.85
Furud,1Zet CMa,95.078295,-30.063367,30122,3.02
,45    Aur,95.442165,53.452179,30247,5.34
,4    Lyn,95.51481,59.372099,30272,6.05
,Del Col,95.52846,-33.4364,30277,3.85
,Pi 1Dor,95.65935,-69.984043,30321,5.56
Mirzam,2Bet CMa,95.674935,-17.955918,30324,1.98
,Nu  Pic,95.732685,-56.369969,30342,5.6
Tejat,13Mu  Gem,95.740095,22.513586,30343,2.87
,8Eps Mon,95.942025,4.592865,30419,4.39
Canopus,Alp Car,95.98792499999999,-52.69566,30438,-0.62
,46Psi1Aur,96.224595,49.287893,30520,4.92
,Pi 2Dor,96.36934500000001,-69.690299,30565,5.37
,5    Lyn,96.70365,58.417409,30679,5.21
,16    Gem,96.98612999999999,20.49632,30769,6.22
,10    Mon,96.98988,-4.762154,30772,5.06
,Lam CMa,97.04254499999999,-32.58007,30788,4.47
,48    Aur,97.14204000000001,30.493034,30827,5.75
Lucilinburhuc,,97.19049,38.962963,30860,7.89
,11Bet Mon,97.204455,-7.033062,30867,3.76
,18Nu  Gem,97.240785,20.212133,30883,4.13
Lusitânia,,97.30495499999999,10.933891,30905,8.1
Ross 614,,97.347495,-2.813979,30920,11.12
,47    Aur,97.512405,46.685554,30972,5.88
,6    Lyn,97.69635,58.162633,31039,5.86
,19    Gem,97.90597500000001,15.903501,31105,6.38
,4Xi 1CMa,97.964025,-23.418422,31125,4.34
,Mu  Pic,97.99296,-58.753835,31137,5.69
,12    Mon,98.08002,4.855999,31159,5.88
,13    Mon,98.22594000000001,7.332965,31216,4.47
,7    Lyn,98.636655,55.353042,31359,6.45
,14    Mon,98.692995,7.572482,31385,6.44
,5Xi 2CMa,98.76411,-22.964793,31416,4.54
,49    Aur,98.80026,28.022314,31434,5.26
,6Nu 1CMa,99.095205,-18.659904,31564,5.71
,7Nu 2CMa,99.17098499999999,-19.255879,31592,3.95
,11    Lyn,99.40998,56.857531,31665,5.87
,8    Lyn,99.423,61.481233,31676,5.94
Alhena,24Gam Gem,99.42792,16.399252,31681,1.93
,Nu  Pup,99.440295,-43.195934,31685,3.17
,8Nu 3CMa,99.47259,-18.237478,31700,4.42
,53    Aur,99.595875,28.984354,31737,5.76
,51    Aur,99.664755,39.390854,31771,5.7
,52Psi3Aur,99.704925,39.902559,31789,5.34
,50Psi2Aur,99.832605,42.488877,31832,4.8
,54    Aur,99.888,28.263134,31852,6.02
Nosaxa,,100.00716,-48.541955,31895,8.05
,Zet Men,100.01211,-80.813593,31897,5.61
,15    Mon,100.24441499999999,9.895754,31978,4.66
,25    Gem,100.33707,28.196638,32019,6.45
,26    Gem,100.601355,17.645303,32104,5.2
,55Psi4Aur,100.770765,44.52445,32173,5.04
Mebsuta,27Eps Gem,100.98303,25.131124,32246,3.06
,30    Gem,100.997055,13.228017,32249,4.49
,10    CMa,101.11861499999999,-31.070523,32292,5.23
,28    Gem,101.18941500000001,28.970932,32311,5.42
Sirius,9Alp CMa,101.287215,-16.716116,32349,-1.44
Alzirr,31Xi  Gem,101.32236,12.895591,32362,3.35
,32    Gem,101.475825,12.693561,32404,6.47
,12    Lyn,101.558925,59.44167,32438,4.86
,16    Mon,101.635065,8.587153,32463,5.92
,56Psi5Aur,101.684745,43.577427,32480,5.24
,13    Lyn,101.706255,57.169176,32489,5.34
,11    CMa,101.712885,-14.425971,32492,5.28
,12    CMa,101.756175,-21.015402,32504,6.07
,17    Mon,101.83263,8.037254,32533,4.77
,57Psi6Aur,101.914905,48.789476,32562,5.22
,18    Mon,101.9652,2.412159,32578,4.48
,Alp Pic,102.04791,-61.941391,32607,3.24
,33    Gem,102.45765,16.202888,32753,5.87
,13Kap CMa,102.460245,-32.508478,32759,3.5
,Tau Pup,102.48398999999999,-50.61456,32768,2.94
,35    Gem,102.60624,13.413177,32814,5.68
,58Psi7Aur,102.691455,41.78123,32844,4.99
,42    Cam,102.737865,67.571934,32864,5.14
,Iot Vol,102.862425,-70.963411,32912,5.41
Nervia,,102.877125,40.867756,32916,8.1
,36    Gem,102.887685,21.761148,32921,5.28
,34The Gem,103.19724,33.961254,33018,3.6
,59    Aur,103.255875,38.869157,33041,6.1
,14    Lyn,103.27107,59.448543,33048,5.34
,60    Aur,103.30581,38.438013,33064,6.32
,15    CMa,103.38711,-20.224254,33092,4.82
,43    Cam,103.42602000000001,68.888309,33104,5.11
,61Psi8Aur,103.48780500000001,38.505018,33133,6.46
,16Omi1CMa,103.533135,-24.184211,33152,3.89
,14The CMa,103.547505,-12.038628,33160,4.08
,38    Gem,103.66098000000001,13.177827,33202,4.73
,17    CMa,103.761405,-20.404876,33248,5.8
,37    Gem,103.827795,25.375697,33277,5.74
,19Pi  CMa,103.90596,-20.136497,33302,4.66
,18Mu  CMa,104.02768499999999,-14.04343,33345,5.0
,20Iot CMa,104.03426999999999,-17.054242,33347,4.36
,Psi9Aur,104.13356999999999,46.273998,33377,5.85
,The Men,104.143665,-79.420193,33384,5.45
,15    Lyn,104.31918,58.422759,33449,4.35
,16    Lyn,104.404635,45.094094,33485,4.9
Adhara,21Eps CMa,104.656455,-28.972084,33579,1.5
,39    Gem,104.697585,26.081079,33595,6.2
,62    Aur,104.76189,38.052317,33614,6.02
,40    Gem,104.86638,25.914171,33650,6.4
,41    Gem,105.06594,16.078998,33715,5.73
Citalá,,105.07515000000001,-5.367162,33719,6.29
Nganurganity,22Sig CMa,105.42978000000001,-27.93483,33856,3.49
,42Ome Gem,105.603255,24.215446,33927,5.2
,19    Mon,105.72823500000001,-4.239231,33971,4.99
,24Omi2CMa,105.756135,-23.833291,33977,3.02
Muliphein,23Gam CMa,105.939555,-15.633286,34045,4.11
Mekbuda,43Zet Gem,106.027215,20.570297,34088,4.01
,44    Gem,106.32654,22.637458,34182,6.0
,45    Gem,107.091825,15.930675,34440,5.47
Wezen,25Del CMa,107.097855,-26.3932,34444,1.83
,Gam1Vol,107.17647,-70.497087,34473,5.68
,Gam2Vol,107.18682,-70.498932,34481,3.78
,20    Mon,107.557005,-4.237106,34622,4.91
,46Tau Gem,107.784885,30.245163,34693,4.41
,47    Gem,107.846115,26.856587,34722,5.75
,21    Mon,107.848395,-0.301928,34724,5.44
,63    Aur,107.913825,39.320549,34752,4.91
,22Del Mon,107.966085,-0.492764,34769,4.15
,26    CMa,108.050895,-25.942588,34798,5.91
,48    Gem,108.109905,24.128594,34819,5.85
,51    Gem,108.34281,16.158966,34909,5.07
,27    CMa,108.563385,-26.352507,34981,4.42
,52    Gem,108.674895,24.884984,35025,5.84
,28Ome CMa,108.702735,-26.772667,35037,4.01
,24    Mon,108.830865,-0.161283,35080,6.42
,18    Lyn,108.979005,59.637467,35146,5.2
,53    Gem,108.9882,27.897419,35152,5.75
,Del Vol,109.20762,-67.957152,35228,3.97
,Pi  Pup,109.285665,-37.09747,35264,2.71
,64    Aur,109.50923999999999,40.883392,35341,5.87
,54Lam Gem,109.52324999999999,16.540383,35350,3.58
,29    CMa,109.66824,-24.558701,35412,4.88
,30Tau CMa,109.67703,-24.954375,35415,4.37
Wasat,55Del Gem,110.030745,21.98232,35550,3.5
,56    Gem,110.486925,20.443658,35699,5.09
,65    Aur,110.51095500000001,36.760584,35710,5.12
,47    Cam,110.57159999999999,59.901996,35735,6.36
,19    Lyn,110.71185,55.28432,35783,6.86
,19    Lyn,110.716905,55.281392,35785,5.8
,58    Gem,110.86725,22.945349,35842,6.17
,57    Gem,110.86881,25.050531,35846,5.04
Aludra,31Eta CMa,111.02376,-29.303104,35904,2.45
,66    Aur,111.03528,40.672389,35907,5.23
,59    Gem,111.13938,27.637857,35941,5.77
,1    CMi,111.242415,11.669524,35987,5.37
,Eps Men,111.40905000000001,-79.094188,36039,5.54
,2Eps CMi,111.412065,9.276097,36041,4.99
,60Iot Gem,111.43168499999999,27.79808,36046,3.78
,21    Lyn,111.67855499999999,49.211527,36145,4.61
,61    Gem,111.734715,20.257557,36156,5.94
Gomeisa,3Bet CMi,111.78768,8.289315,36188,2.89
Luyten's Star,,111.852075,5.225785,36208,9.84
,63    Gem,111.93486,21.445247,36238,5.2
,5Eta CMi,112.008645,6.941968,36265,5.22
,4Gam CMi,112.040805,8.92553,36284,4.33
,62Rho Gem,112.277925,31.78455,36366,4.16
,Sig Pup,112.307685,-43.301432,36377,3.25
,64    Gem,112.33518,28.118275,36393,5.07
,6    CMi,112.44909,12.006564,36425,4.55
,65    Gem,112.4532,27.916146,36429,5.01
,22    Lyn,112.48300499999999,49.672463,36439,5.35
,7Del1CMi,113.02479,1.914481,36641,5.24
,8Del2CMi,113.298615,3.290379,36723,5.59
,68    Gem,113.40200999999999,15.826662,36760,5.27
,9Del3CMi,113.566215,3.371725,36812,5.83
Castor,66Alp Gem,113.64951,31.888276,36850,1.58
,69Ups Gem,113.98062,26.895741,36962,4.06
,25    Mon,114.319545,-4.110979,37088,5.14
,70    Gem,114.6369,35.04855,37204,5.58
Jishui,71Omi Gem,114.7914,34.584346,37265,4.89
Procyon,10Alp CMi,114.825495,5.224993,37279,0.4
Ceibo,,114.841245,-78.278972,37284,9.37
,74    Gem,114.86913,17.674519,37300,5.04
,23    Lyn,115.206435,57.082865,37406,6.09
,26Alp Mon,115.31181,-9.551131,37447,3.94
,Zet Vol,115.45506,-72.606098,37504,3.93
,24    Lyn,115.75182000000001,58.71036,37609,4.93
,75Sig Gem,115.82800499999999,28.88351,37629,4.23
,1    Pup,115.884945,-28.410885,37648,4.63
,3    Pup,115.95195,-28.954826,37677,3.94
,76    Gem,116.02881000000001,25.784159,37704,5.3
,77Kap Gem,116.111895,24.397993,37740,3.57
,79    Gem,116.288895,20.316045,37811,6.53
Pollux,78Bet Gem,116.329155,28.026199,37826,1.16
,2    Pup,116.369715,-14.686167,37842,7.03
,2    Pup,116.37138,-14.690537,37843,6.06
,4    Pup,116.486955,-14.563805,37891,5.03
,81    Gem,116.53103999999999,18.510043,37908,4.89
,11    CMi,116.567505,10.768252,37921,5.25
,49    Cam,116.614335,62.830522,37934,6.5
,51    Cam,116.666895,65.455676,37949,5.93
,80Pi  Gem,116.87635499999999,33.415697,38016,5.14
Tapecue,,116.95690499999999,-54.264145,38041,8.1
,5    Pup,116.98633500000001,-12.192705,38048,5.48
,Omi Pup,117.02154,-25.937169,38070,4.4
,82    Gem,117.14016000000001,23.14098,38106,6.18
Azmidi,7Xi  Pup,117.32356499999999,-24.859786,38170,3.34
,6    Pup,117.42166499999999,-17.228408,38211,5.17
,8    Pup,117.92037,-12.819405,38372,6.37
,13Zet CMi,117.92494500000001,1.766868,38373,5.12
,9    Pup,117.94292999999999,-13.898029,38382,5.16
,10    Pup,118.078665,-14.846175,38427,5.69
,83Phi Gem,118.37424,26.765783,38538,4.97
,25    Lyn,118.62195,47.385982,38623,6.25
,26    Lyn,118.67796,47.564596,38639,5.47
,85    Gem,118.916235,19.88397,38722,5.38
,Chi Car,119.194695,-52.98236,38827,3.46
,11    Pup,119.21475000000001,-22.880119,38835,4.2
,1    Cnc,119.24772,15.790281,38848,5.8
,14    CMi,119.58606,2.224767,38962,5.3
,12    Pup,119.773815,-23.310396,39023,5.09
,27    Mon,119.93397,-3.679583,39079,4.93
,3    Cnc,120.19711499999998,17.308703,39177,5.6
,2Ome1Cnc,120.23280000000001,25.392836,39191,5.87
,28    Mon,120.30556500000002,-1.392608,39211,4.69
,5    Cnc,120.37620000000001,16.455309,39236,5.99
,53    Cam,120.42697500000001,60.324353,39261,6.02
,4Ome2Cnc,120.43233,25.089465,39263,6.32
,Chi Gem,120.87951,27.794332,39424,4.94
Naos,Zet Pup,120.896055,-40.003148,39429,2.21
,14    Pup,121.17258000000001,-19.728148,39524,6.12
,8    Cnc,121.26870000000001,13.118215,39567,5.14
,9Mu 1Cnc,121.57665,22.63549,39659,5.96
,28    Lyn,121.791435,43.260365,39722,6.35
Tureis,15Rho Pup,121.88605500000001,-24.304324,39757,2.83
,10Mu 2Cnc,121.94106,21.581816,39780,5.3
,Eps Vol,121.982595,-68.617062,39794,4.35
,27    Lyn,122.11444499999999,51.50667,39847,4.78
,29Zet Mon,122.14854,-2.983786,39863,4.36
,12    Cnc,122.17685999999999,13.640917,39874,6.25
,16    Pup,122.25682499999999,-19.245014,39906,4.4
,Gam2Vel,122.38314,-47.336588,39953,1.75
,14Psi Cnc,122.61327,25.507334,40023,5.73
,18    Pup,122.665965,-13.799207,40035,5.53
,19    Pup,122.81794500000001,-12.926999,40084,4.72
Tegmine,16Zet2Cnc,123.053025,17.647771,40167,4.67
,15    Cnc,123.28694999999999,29.656536,40240,5.62
,20    Pup,123.333195,-15.788221,40259,4.99
Tarf,17Bet Cnc,124.12884000000001,9.185545,40526,3.53
,21    Pup,124.346385,-16.285111,40604,6.32
,29    Lyn,124.46007,59.571133,40646,5.63
Násti,,124.59204000000001,61.460722,40687,8.2
,Alp Cha,124.630545,-76.919722,40702,4.05
,Kap1Vol,124.95410999999999,-71.514906,40817,5.33
,Kap2Vol,125.00229000000002,-71.505377,40834,5.63
,18Chi Cnc,125.01608999999999,27.217707,40843,5.13
,30    Lyn,125.10846000000001,57.743278,40875,5.89
Piautos,19Lam Cnc,125.1339,24.022314,40881,5.92
,The Cha,125.161725,-77.484477,40888,4.34
,Eta Vol,125.51876999999999,-73.399985,41003,5.28
Avior,Eps Car,125.62853999999999,-59.509483,41037,1.86
,22    Pup,125.6952,-13.054793,41067,6.13
Alsciaukat,31    Lyn,125.70881999999999,43.188131,41075,4.25
,20    Cnc,125.84100000000001,18.3322,41117,5.94
,21    Cnc,125.98004999999999,10.632063,41163,6.11
,1    Hya,126.14588999999998,-3.75124,41211,5.61
,Bet Vol,126.434265,-66.13689,41312,3.77
,25    Cnc,126.45784500000002,17.046267,41319,6.11
,2    Hya,126.61336500000002,-3.987479,41375,5.6
,22Phi1Cnc,126.61545,27.893583,41377,5.58
,24    Cnc,126.665805,24.534166,41389,6.51
,27    Cnc,126.683085,12.654612,41400,5.56
,23Phi2Cnc,126.69612,26.935489,41404,6.3
,28    Cnc,127.15326,24.144934,41574,6.05
,29    Cnc,127.15558499999999,14.210822,41578,5.94
Muscida,1Omi UMa,127.56646500000001,60.718169,41704,3.35
,30Ups1Cnc,127.87717500000001,24.081105,41816,5.71
,31The Cnc,127.89888000000002,18.09442,41822,5.33
,34    Cnc,128.166135,10.066008,41904,6.48
,33Eta Cnc,128.177085,20.441162,41909,5.33
,32Ups2Cnc,128.25045,24.08479,41940,6.35
,32    Lyn,128.34063,36.436429,41975,6.2
,2    UMa,128.650665,65.14517,42080,5.47
,33    Lyn,128.68287,36.419619,42090,5.76
,35    Cnc,128.831025,19.590063,42133,6.55
,3    Hya,128.86749,-7.982292,42146,5.72
,36    Cnc,129.27405000000002,9.65558,42265,5.92
,4Del Hya,129.41403,5.703782,42313,4.14
,Eta Pyx,129.46731,-26.255,42334,5.24
,37    Cnc,129.52155,9.57461,42353,6.54
Minchir,5Sig Hya,129.689325,3.341435,42402,4.45
,The Vol,129.77141999999998,-70.386745,42425,5.19
,3Pi 1UMa,129.798855,65.020907,42438,5.63
Gakyid,,129.81584999999998,12.960375,42446,8.23
,Zet Pyx,129.926985,-29.561084,42483,4.86
,6    Hya,130.00614,-12.475372,42509,4.98
,Bet Pyx,130.025595,-35.308352,42515,3.97
,39    Cnc,130.02675,20.007788,42516,6.39
,4Pi 2UMa,130.0536,64.327936,42527,4.59
Meleph,41Eps Cnc,130.11255,19.544808,42556,6.29
,34    Lyn,130.254435,45.83401,42604,5.35
,Eta Cha,130.331595,-78.963359,42637,5.46
,9    Hya,130.430565,-15.943384,42662,4.87
,45    Cnc,130.801365,12.680876,42795,5.62
,7Eta Hya,130.80615,3.398662,42799,4.3
Asellus Borealis,43Gam Cnc,130.82146500000002,21.468501,42806,4.66
,Alp Pyx,130.898085,-33.186385,42828,3.68
Asellus Australis,47Del Cnc,131.17125,18.154309,42911,3.94
Alsephina,Del Vel,131.175885,-54.708821,42913,1.93
,49    Cnc,131.18766,10.08167,42917,5.63
,10    Hya,131.25534,5.680588,42931,6.13
,46    Cnc,131.33926499999998,30.697752,42954,6.12
,12    Hya,131.59390499999998,-13.54772,43067,4.32
,48Iot Cnc,131.666595,28.765059,43100,6.58
,48Iot Cnc,131.67426,28.759898,43103,4.03
Ashlesha,11Eps Hya,131.693805,6.418809,43109,3.38
,50    Cnc,131.733405,12.109952,43121,5.89
,13Rho Hya,132.10821,5.837812,43234,4.35
,14    Hya,132.34053,-3.443023,43305,5.3
,Gam Pyx,132.63306,-27.709844,43409,4.02
,54    Cnc,132.75610500000002,15.350651,43454,6.36
,15    Hya,132.89338500000002,-7.177226,43496,5.55
,35    Lyn,132.98680499999998,43.726603,43531,5.15
,53    Cnc,133.11912,28.259159,43575,6.25
,51Sig1Cnc,133.14426,32.474157,43584,5.67
Copernicus,55Rho1Cnc,133.14937500000002,28.330819,43587,5.96
,5    UMa,133.344015,61.962268,43644,5.72
Stribor,,133.461735,33.056812,43674,8.03
,57    Cnc,133.561365,30.579115,43721,5.4
,16Zet Hya,133.84845,5.945563,43813,3.11
,17    Hya,133.873365,-7.971153,43822,6.07
,Del Pyx,133.88151,-27.681871,43825,4.87
,58Rho2Cnc,133.91533500000003,27.927481,43834,5.23
,60    Cnc,133.981455,11.626023,43851,5.44
,6    UMa,134.156115,64.603831,43903,5.57
,Zet Oct,134.17423499999998,-85.663152,43908,5.43
,59Sig2Cnc,134.23584,32.91043,43932,5.44
,62Omi1Cnc,134.31228000000002,15.322762,43970,5.22
,63Omi2Cnc,134.396655,15.581281,44001,5.68
,61    Cnc,134.494425,30.233826,44031,6.25
Acubens,65Alp Cnc,134.62176,11.857701,44066,4.26
Talitha,9Iot UMa,134.80241999999998,48.041826,44127,3.12
,64Sig3Cnc,134.886075,32.418559,44154,5.23
Ross 687,,135.209715,5.241545,44263,12.37
,66    Cnc,135.350535,32.252296,44307,5.89
,67    Cnc,135.45351,27.902593,44342,6.07
,Alp Vol,135.611655,-66.396076,44382,4.0
,8Rho UMa,135.6363,67.629619,44390,4.74
,69Nu  Cnc,135.684435,24.452915,44405,5.45
Alkaphrah,12Kap UMa,135.906405,47.156525,44471,3.57
,70    Cnc,136.04111999999998,27.898304,44512,6.67
,18Ome Hya,136.49319,5.092316,44659,4.99
,76Kap Cnc,136.936725,10.668191,44798,5.23
Suhail,Lam Vel,136.99902,-43.432589,44816,2.23
,72Tau Cnc,137.00021999999998,29.654235,44818,5.42
,Kap Pyx,137.011995,-25.858536,44824,4.62
,11Sig1UMa,137.098005,66.873235,44857,5.15
,19    Hya,137.17575,-8.589524,44883,5.6
,75    Cnc,137.197245,26.629112,44892,5.95
,15    UMa,137.217945,51.604648,44901,4.46
Nahn,77Xi  Cnc,137.33973,22.045446,44946,5.16
,20    Hya,137.3982,-8.787648,44961,5.47
,Eps Pyx,137.48505,-30.365401,45001,5.59
,79    Cnc,137.586915,21.996415,45033,6.04
,13Sig2UMa,137.59806,67.134018,45038,4.8
,14Tau UMa,137.729115,63.513633,45075,4.67
,81Pi 1Cnc,138.07317,14.996037,45170,6.49
,21    Hya,138.10851,-7.109827,45184,6.1
Miaplacidus,Bet Car,138.300615,-69.717208,45238,1.67
,36    Lyn,138.450885,43.217825,45290,5.3
,16    UMa,138.58561500000002,61.423318,45333,5.18
,22The Hya,138.591075,2.31428,45336,3.89
,82Pi 2Cnc,138.80772,14.941507,45410,5.36
,17    UMa,138.95748,56.741406,45455,5.28
,18    UMa,139.04711999999998,54.021857,45493,4.8
,24    Hya,139.17237,-8.744759,45526,5.49
,23    Hya,139.1739,-6.353144,45527,5.24
Aspidiske,Iot Car,139.27257,-59.275229,45556,2.21
,38    Lyn,139.711035,36.802597,45688,3.82
,26    Hya,139.943265,-11.974853,45751,4.77
,27    Hya,140.12090999999998,-9.555695,45811,4.8
,40Alp Lyn,140.263875,34.392562,45860,3.14
,The Pyx,140.3733,-25.965439,45902,4.71
Markeb,Kap Vel,140.52843000000001,-55.010668,45941,2.47
,Lam Pyx,140.801085,-28.833873,46026,4.71
,Iot Cha,141.0402,-80.786876,46107,5.34
,1Kap Leo,141.16359,26.182324,46146,4.47
,28    Hya,141.350145,-5.117394,46221,5.6
,29    Hya,141.811005,-9.223712,46365,6.53
Alphard,30Alp Hya,141.89685,-8.658603,46390,1.99
,2Ome Leo,142.11417,9.056778,46454,5.4
,3    Leo,142.121565,8.188298,46457,5.72
Intercrus,,142.16662499999998,45.601483,46471,5.4
,31Tau1Hya,142.287075,-2.768964,46509,4.59
,Eps Ant,142.311345,-35.951335,46515,4.51
,Psi Vel,142.67511,-40.466769,46651,3.6
,7    LMi,142.68009,33.655711,46652,5.87
,Zet1Ant,142.69206,-31.889222,46657,5.75
,23    UMa,142.881795,63.061861,46733,3.65
,Zet2Ant,142.884015,-31.871831,46734,5.91
,8    LMi,142.88506500000003,35.103273,46735,5.39
Alterf,4Lam Leo,142.930125,22.967971,46750,4.32
,5Xi  Leo,142.98641999999998,11.299827,46771,4.99
,6    Leo,142.9899,9.715767,46774,5.07
,32Tau2Hya,142.99553999999998,-1.184664,46776,4.54
,25The UMa,143.215725,51.6773,46853,3.17
,9    LMi,143.376495,36.486949,46904,6.19
,Zet Cha,143.472855,-80.941258,46928,5.07
,10    LMi,143.55576000000002,36.397558,46952,4.54
,24    UMa,143.620545,69.830343,46977,4.54
,33    Hya,143.63603999999998,-5.914948,46982,5.56
,26    UMa,143.706075,52.051477,47006,4.47
,22    UMa,143.72262,72.205679,47013,5.77
,11    LMi,143.91501,35.810133,47080,5.4
Illyrian,,143.93825999999999,34.780742,47087,7.62
,7    Leo,143.97036,14.379588,47096,6.32
,8    Leo,144.26076,16.437952,47189,5.73
Kalausi,,144.299265,-43.272205,47202,8.23
,10    Leo,144.302775,6.835802,47205,5.0
,34    Hya,144.46461,-9.424446,47249,6.4
,42    Lyn,144.590745,40.239793,47300,5.28
,37    Hya,144.94754999999998,-10.570271,47427,6.31
Ukdah,35Iot Hya,144.96400500000001,-1.14281,47431,3.9
,38Kap Hya,145.07652000000002,-14.332292,47452,5.07
Subra,14Omi Leo,145.287645,9.892308,47508,3.52
,13    Leo,145.41036,25.912876,47550,6.26
,43    Lyn,145.50147,39.757851,47570,5.61
,13    LMi,145.678095,35.093371,47631,6.12
,27    UMa,145.738425,72.252618,47654,5.15
,15    Leo,145.88859,29.974473,47701,5.64
,16Psi Leo,145.93293,14.021692,47723,5.36
,The Ant,146.05041,-27.769471,47758,4.78
Añañuca,,146.124795,-45.776513,47780,10.22
Ras Elased Australis,17Eps Leo,146.46282000000002,23.774255,47908,2.97
,28    UMa,146.48073000000002,63.653313,47911,6.51
,Nu  Cha,146.58527999999998,-76.77612,47956,5.43
,18    Leo,146.597205,11.810043,47959,5.67
,Ups Car,146.77554,-65.072007,48002,2.92
,19    Leo,146.85819,11.568165,48029,6.44
,20    Leo,147.45873,21.179422,48218,6.1
Natasha,,147.510375,-49.790266,48235,8.54
,4    Sex,147.625335,4.34365,48273,6.24
,29Ups UMa,147.748005,59.038735,48319,3.78
,23    Leo,147.758265,13.066239,48324,6.45
,6    Sex,147.80847,-4.24335,48341,6.01
Zhang,39Ups1Hya,147.86955,-14.846603,48356,4.11
,22    Leo,147.97098,24.395369,48390,5.29
,30Phi UMa,148.02649499999998,54.064332,48402,4.55
,7    Sex,148.05067499999998,2.454131,48414,6.02
,8Gam Sex,148.126815,-8.10503,48437,5.07
Rasalas,24Mu  Leo,148.19097,26.006951,48455,3.88
Felis,,148.717545,-19.00936,48615,4.94
,31    UMa,148.92918,49.819843,48682,5.27
Bibhā,,149.024655,-3.808422,48711,8.73
,Phi Vel,149.21562,-54.56779,48774,3.52
,19    LMi,149.42115,41.055633,48833,5.11
,27Nu  Leo,149.55573,12.4448,48883,5.26
,Eta Ant,149.71786500000002,-35.890973,48926,5.23
,12    Sex,149.92951499999998,3.384792,48990,6.69
,29Pi  Leo,150.053355,8.044223,49029,4.68
,Mu 1Cha,150.182865,-82.21467,49065,5.53
,20    LMi,150.25296,31.923672,49081,5.37
,Mu 2Cha,151.03059000000002,-81.565492,49326,6.6
,13    Sex,151.035135,3.201055,49329,6.43
,40Ups2Hya,151.28112,-13.064626,49402,4.6
,14    Sex,151.69761,5.611493,49530,6.2
,30Eta Leo,151.833135,16.762664,49583,3.48
,21    LMi,151.857315,35.244693,49593,4.49
,31    Leo,151.97612999999998,9.997508,49637,4.39
,15Alp Sex,151.98450000000003,-0.371637,49641,4.48
Regulus,32Alp Leo,152.09298,11.967207,49669,1.36
,17    Sex,152.531415,-8.40817,49812,5.91
,41Lam Hya,152.647005,-12.354083,49841,3.61
,18    Sex,152.73275999999998,-8.418462,49865,5.64
,34    Leo,152.909205,13.355114,49929,6.43
,19    Sex,153.201525,4.61468,50027,5.77
,Ome Car,153.434415,-70.037903,50099,3.29
,22    LMi,153.77643,31.468066,50218,6.47
,23    LMi,154.06015499999998,29.310501,50303,5.49
,24    LMi,154.117035,28.682479,50316,6.46
,35    Leo,154.134585,23.503095,50319,5.95
,37    Leo,154.169745,13.728334,50333,5.42
Adhafera,36Zet Leo,154.17256500000002,23.417311,50335,3.43
Tania Borealis,33Lam UMa,154.27428,42.914365,50372,3.45
,39    Leo,154.31067000000002,23.10622,50384,5.81
,22Eps Sex,154.40751,-8.068914,50414,5.25
,32    UMa,154.508745,65.108351,50448,5.74
,40    Leo,154.93407000000002,19.470914,50564,4.78
Algieba,41Gam1Leo,154.99309499999998,19.841489,50583,2.01
,23    Sex,155.258355,2.289724,50684,6.66
,42    Leo,155.459595,14.975773,50755,6.16
Tania Australis,34Mu  UMa,155.582325,41.499516,50801,3.06
,43    Leo,155.75187,6.542643,50851,6.06
,27    LMi,155.776365,33.908145,50860,5.89
,25    Sex,155.86032,-4.074035,50885,5.93
,28    LMi,156.03585,33.718531,50935,5.52
,44    Leo,156.313305,8.784845,51008,5.61
,30    LMi,156.47842500000002,33.79612,51056,4.72
,42Mu  Hya,156.52263,-16.83629,51069,3.83
,Alp Ant,156.78795,-31.067779,51172,4.28
,45    Leo,156.912465,9.762396,51213,6.01
,31Bet LMi,156.970905,36.707212,51233,4.2
,29Del Sex,157.36959,-2.739078,51362,5.19
,Del Ant,157.39741500000002,-30.607065,51376,5.57
,35    UMa,157.47679499999998,65.626233,51401,6.32
,32    LMi,157.52688,38.925132,51420,5.79
,30Bet Sex,157.572825,-0.637026,51437,5.08
,36    UMa,157.656915,55.980536,51459,4.82
,33    LMi,157.964055,32.379554,51556,5.9
,46    Leo,158.04906,14.13727,51585,5.43
,47Rho Leo,158.202795,9.306586,51624,3.84
,34    LMi,158.378805,34.988695,51685,5.57
,44    Hya,158.50368,-23.745165,51718,5.08
,48    Leo,158.70006,6.953749,51775,5.07
,49    Leo,158.758995,8.650425,51802,5.67
,37    UMa,158.790255,57.082637,51814,5.16
,Gam Cha,158.86749,-78.607786,51839,4.11
,Phi2Hya,159.06942,-16.344326,51905,6.01
,35    LMi,159.089235,36.326927,51914,6.29
,Phi3Hya,159.645645,-16.876572,52085,4.91
,37    LMi,159.68005499999998,31.976237,52098,4.68
,38    LMi,159.78195,37.91,52139,5.84
,33    Sex,160.35078,-1.741491,52316,6.25
,38    UMa,160.4862,65.71628,52353,5.12
,The Car,160.739235,-64.39445,52419,2.74
,40    LMi,160.75786499999998,26.325577,52422,5.51
,35    Sex,160.83717000000001,4.747669,52452,5.77
,41    LMi,160.85399999999998,23.188404,52457,5.08
,39    UMa,160.93053,57.199203,52478,5.79
Macondo,,161.08719,-33.577022,52521,8.3
,36    Sex,161.28940500000002,2.48797,52584,6.27
,Del1Cha,161.31819,-80.469597,52595,5.46
,Del2Cha,161.446305,-80.540188,52633,4.45
,42    LMi,161.46624,30.682313,52638,5.36
,41    UMa,161.593785,57.365914,52685,6.34
,51    Leo,161.60226,18.891523,52686,5.5
,52    Leo,161.605335,14.194645,52689,5.49
,Mu  Vel,161.69232,-49.420255,52727,2.69
,43    LMi,162.238485,29.416057,52882,6.15
,53    Leo,162.314295,10.545202,52911,5.32
,40    Sex,162.321975,-4.02393,52913,6.61
,Nu  Hya,162.406185,-16.193648,52943,3.11
,44    LMi,162.473865,27.973948,52959,6.05
,41    Sex,162.575235,-8.897763,52980,5.8
,43    UMa,162.79600499999998,56.58225,53043,5.66
,42    UMa,162.84891,59.320119,53064,5.57
Praecipua,46    LMi,163.32789,34.214871,53229,3.79
,44    UMa,163.393665,54.585128,53261,5.12
,45Ome UMa,163.49471999999997,43.189956,53295,4.66
,48    LMi,163.67571,25.490722,53355,6.19
,54    Leo,163.90335,24.749718,53417,4.3
,55    Leo,163.92666,0.736922,53423,5.91
,46    UMa,163.93498499999998,33.506929,53426,5.02
,56    Leo,164.00613,6.185371,53449,5.91
,50    LMi,164.14345500000002,25.500244,53492,6.36
,Iot Ant,164.179335,-37.137765,53502,4.6
Aiolos,,164.262765,-68.667347,53524,7.36
,Eta Oct,164.80887,-84.593893,53702,6.19
Chalawan,47    UMa,164.8668,40.430257,53721,5.03
Alkes,7Alp Crt,164.94366000000002,-18.298783,53740,4.08
,58    Leo,165.140205,3.617494,53807,4.84
,59    Leo,165.18667499999998,6.101449,53824,4.98
,49    UMa,165.210135,39.212092,53838,5.06
,61    Leo,165.456975,-2.484585,53907,4.73
Merak,48Bet UMa,165.46015500000001,56.382427,53910,2.34
,60    Leo,165.582405,20.179842,53954,4.42
Lalande 21185,,165.83447999999999,35.969877,54035,7.49
,62    Leo,165.90246000000002,-0.000833,54049,5.95
Dubhe,50Alp UMa,165.93232500000002,61.751033,54061,1.81
,51    UMa,166.13016,38.241365,54136,6.01
Dingolay,,166.185225,-2.513218,54158,8.21
,63Chi Leo,166.254285,7.336007,54182,4.62
,Chi1Hya,166.333005,-27.293612,54204,4.92
,Chi2Hya,166.48986,-27.287853,54255,5.69
,65    Leo,166.72587,1.955525,54336,5.52
,64    Leo,166.91544,23.323762,54388,6.48
,67    Leo,167.204535,24.658464,54487,5.7
,52Psi UMa,167.41593,44.498487,54539,3.0
,11Bet Crt,167.91453,-22.825847,54682,4.46
,Psi Crt,168.126555,-18.499862,54742,6.11
,69    Leo,168.4398,-0.069502,54849,5.4
Zosma,68Del Leo,168.52706999999998,20.523717,54872,2.56
Chertan,70The Leo,168.560025,15.42957,54879,3.33
,72    Leo,168.800955,23.095502,54951,4.56
,73    Leo,168.966255,13.307578,55016,5.31
,74Phi Leo,169.165425,-3.651601,55084,4.45
,75    Leo,169.322505,2.010556,55137,5.18
Hunahpú,,169.44816,-23.975414,55174,8.05
Alula Borealis,54Nu  UMa,169.619745,33.094306,55219,3.49
,76    Leo,169.72898999999998,1.650395,55249,5.9
,55    UMa,169.78296,38.185557,55266,4.76
,12Del Crt,169.835205,-14.778541,55282,3.56
,Pi  Cen,170.25175499999997,-54.491019,55425,3.9
,77Sig Leo,170.28414,6.029322,55434,4.05
,56    UMa,170.70663000000002,43.482703,55560,4.99
,13Lam Crt,170.841225,-18.779973,55598,5.08
,78Iot Leo,170.98104,10.529509,55642,4.0
,79    Leo,171.00969,1.407765,55650,5.39
Shama,,171.07233,-1.529076,55664,9.1
,14Eps Crt,171.15246,-10.859323,55687,4.81
,15Gam Crt,171.22053,-17.68401,55705,4.06
,81    Leo,171.401565,16.456539,55765,5.58
,80    Leo,171.45856500000002,3.86011,55791,6.35
,83    Leo,171.68884500000001,3.013102,55846,6.49
,16Kap Crt,171.78966,-12.356749,55874,5.93
,84Tau Leo,171.98433,2.856265,55945,4.95
,57    UMa,172.26721500000002,39.336974,56034,5.3
,85    Leo,172.424355,15.413269,56080,5.74
,87    Leo,172.57872,-3.003501,56127,4.77
,86    Leo,172.62097500000002,18.409801,56146,5.54
,58    UMa,172.62976500000002,43.173242,56148,5.94
Giausar,1Lam Dra,172.85110500000002,69.331076,56211,3.82
,88    Leo,172.937295,14.364505,56242,6.27
,Omi1Cen,172.94196000000002,-59.442061,56243,5.07
,Omi2Cen,172.95334499999998,-59.515648,56250,5.12
,Xi  Hya,173.25057,-31.857625,56343,3.54
,89    Leo,173.59145999999998,3.060165,56445,5.76
,90    Leo,173.67704999999998,16.796915,56473,5.95
Formosa,,173.765655,20.441545,56508,6.45
,Lam Cen,173.945445,-63.019841,56561,3.11
Sagarmatha,,173.964675,-4.755697,56572,8.42
,2    Dra,174.01116000000002,69.322952,56583,5.19
,21The Crt,174.17047499999998,-9.802247,56633,4.7
,91Ups Leo,174.23721,-0.823749,56647,4.3
,Pi  Cha,174.31611,-75.896544,56675,5.64
,59    UMa,174.58584,43.625429,56770,5.56
,1Ome Vir,174.61503,8.134298,56779,5.24
,60    UMa,174.639675,46.834209,56789,6.09
,24Iot Crt,174.666735,-13.201943,56802,5.48
,Omi Hya,175.053315,-34.74466,56922,4.7
,92    Leo,175.19612999999998,21.35273,56975,5.26
,61    UMa,175.262565,34.201635,56997,5.31
,62    UMa,175.3929,31.746058,57029,5.73
Noquisi,,175.54595999999998,26.70657,57087,10.67
,3    Dra,175.618335,66.744906,57111,5.32
,27Zet Crt,176.190735,-18.350674,57283,4.71
Uklun,,176.2104,-58.703709,57291,7.47
,2Xi  Vir,176.320995,8.258119,57328,4.84
,Lam Mus,176.402115,-66.728763,57363,3.63
Flegetonte,,176.42622,2.821483,57370,8.07
,3Nu  Vir,176.46483,6.529376,57380,4.04
Taiyangshou,63Chi UMa,176.512725,47.779406,57399,3.69
Ross 128,,176.93499,0.804563,57548,11.12
,4    Vir,176.97876,8.245895,57562,5.31
,93    Leo,176.99643,20.218931,57565,4.5
,Mu  Mus,177.06044999999997,-66.81491,57581,4.75
Denebola,94Bet Leo,177.26494499999998,14.57206,57632,2.14
Zavijava,5Bet Vir,177.67383,1.764718,57757,3.59
Aniara,,177.843825,57.640736,57820,7.86
,Bet Hya,178.227195,-33.908124,57936,4.29
Groombridge 1830,,178.2423,37.718679,57939,6.42
Phecda,64Gam UMa,178.45752000000002,53.69476,58001,2.41
,6    Vir,178.76305499999998,8.443943,58110,5.58
,65    UMa,178.773945,46.476846,58112,6.54
,65    UMa,178.797195,46.469782,58117,7.03
,95    Leo,178.91888999999998,15.646818,58159,5.53
,66    UMa,178.99338,56.59856,58181,5.83
,30Eta Crt,179.003985,-17.150829,58188,5.17
,Eps Cha,179.90694,-78.221839,58484,4.88
,7    Vir,179.98713,3.655197,58510,5.36
,8Pi  Vir,180.21829499999998,6.614322,58590,4.65
,67    UMa,180.52858500000002,43.0456,58684,5.22
,The1Cru,180.756705,-63.31293,58758,4.32
,2    Com,181.069155,21.459153,58858,5.89
,The2Cru,181.08012,-63.165711,58867,4.72
,Kap Cha,181.19424,-76.519061,58905,5.04
,9Omi Vir,181.302255,8.732985,58948,4.12
Tonatiuh,,181.311765,76.905734,58952,5.78
,Eta Cru,181.720305,-64.61373,59072,4.14
,Del Cen,182.08965,-50.722425,59196,2.58
Alchiba,1Alp Crv,182.103375,-24.728875,59199,4.02
,10    Vir,182.422125,1.897889,59285,5.95
,11    Vir,182.51424,5.807008,59309,5.72
,2Eps Crv,182.53119,-22.619766,59316,3.02
,3    Com,182.63179499999998,16.809271,59352,6.4
,3    Crv,182.76601499999998,-23.602423,59394,5.45
,Rho Cen,182.91303000000002,-52.36846,59449,3.97
,68    UMa,182.93708999999998,57.054408,59458,6.34
,4    Com,182.96325,25.87028,59468,5.66
,5    Com,183.038715,20.542064,59501,5.6
,12    Vir,183.35808,10.262341,59608,5.85
Imai,Del Cru,183.786405,-58.748928,59747,2.79
Megrez,69Del UMa,183.85629,57.032617,59774,3.32
Gienah,4Gam Crv,183.95155499999998,-17.541929,59803,2.58
,6    Com,184.000785,14.899071,59819,5.09
,2    CVn,184.031445,40.66018,59831,5.69
,7    Com,184.08558000000002,23.945409,59847,4.93
,Eps Mus,184.393755,-67.960736,59929,4.06
,Bet Cha,184.58718,-79.31224,60000,4.24
,Zet Cru,184.60947,-64.003071,60009,4.06
,13    Vir,184.66798500000002,-0.787184,60030,5.9
,8    Com,184.82997,23.034673,60087,6.26
,9    Com,184.873095,28.156916,60098,6.38
,3    CVn,184.952985,48.984148,60122,5.28
Zaniah,15Eta Vir,184.97649,-0.666803,60129,3.89
,16    Vir,185.08741500000002,3.312574,60172,4.97
,5Zet Crv,185.1402,-22.215901,60189,5.2
,11    Com,185.17929,17.792868,60202,4.72
,70    UMa,185.21191499999998,57.864118,60212,5.54
Ginan,Eps Cru,185.340465,-60.401147,60260,3.59
,Zet2Mus,185.53069499999998,-67.522105,60320,5.15
,Zet1Mus,185.55013499999998,-68.307316,60329,5.73
,12    Com,185.626305,25.84616,60351,4.78
,17    Vir,185.63349,5.305444,60353,6.46
,6    Crv,185.83995,-24.840669,60425,5.66
,4    CVn,185.945955,42.542743,60467,6.03
,5    CVn,186.00620999999998,51.562257,60485,4.76
,13    Com,186.07719,26.098606,60514,5.17
,71    UMa,186.2634,56.777828,60584,5.82
Tupã,,186.44335500000003,-64.022088,60644,6.99
,6    CVn,186.4623,39.018616,60646,5.01
,14    Com,186.60027,27.268237,60697,4.92
Acrux,Alp1Cru,186.649665,-63.099092,60718,0.77
,15Gam Com,186.73449,28.268423,60742,4.35
,16    Com,186.747075,26.825699,60746,4.98
,73    UMa,186.89631,55.712724,60795,5.68
,Sig Cen,187.009965,-50.230635,60823,3.91
,17    Com,187.227945,25.912852,60904,5.29
3C 273,,187.277895,2.052398,60936,12.88
,18    Com,187.362675,24.108925,60941,5.47
,20    Com,187.43016,20.896109,60957,5.68
Algorab,7Del Crv,187.466085,-16.515432,60965,2.94
,74    UMa,187.489005,58.405742,60978,5.37
,7    CVn,187.512225,51.535631,60988,6.21
,75    UMa,187.51766999999998,58.767773,60992,6.07
,4    Dra,187.52802,69.201123,60998,5.01
,21    Com,187.75234500000002,24.567168,61071,5.47
Gacrux,Gam Cru,187.791435,-57.113212,61084,1.59
,8Eta Crv,188.01764999999997,-16.196007,61174,4.3
Funi,,188.03109,74.489551,61177,8.75
,Gam Mus,188.11701,-72.132988,61199,3.84
,20    Vir,188.262,10.295671,61246,6.29
,5Kap Dra,188.37087000000002,69.788238,61281,3.85
,22    Com,188.39259,24.282984,61295,6.28
Chara,8Bet CVn,188.43616500000002,41.35748,61317,4.24
,21    Vir,188.44479,-9.452077,61318,5.48
Kraz,9Bet Crv,188.596815,-23.396759,61359,2.65
,6    Dra,188.68353,70.02177,61384,4.95
,23    Com,188.712855,22.629259,61394,4.8
,24    Com,188.7765,18.377065,61415,6.57
,24    Com,188.78233500000002,18.377058,61418,5.03
,25    Vir,189.19731,-5.831898,61558,5.88
,25    Com,189.24305999999999,17.089536,61571,5.7
,Alp Mus,189.29608499999998,-69.135564,61585,2.69
,Tau Cen,189.42591,-48.541304,61622,3.85
,9    CVn,189.692835,40.874662,61692,6.35
,26    Com,189.780465,21.062559,61724,5.49
,26Chi Vir,189.81153,-7.995564,61740,4.66
,Gam Cen,190.379565,-48.959888,61932,2.2
,76    UMa,190.391385,62.713039,61936,6.02
,27    Vir,190.393305,10.42627,61937,6.22
Porrima,29Gam Vir,190.415175,-1.449375,61941,2.74
,30Rho Vir,190.471065,10.235625,61960,4.88
,31    Vir,190.487985,6.806617,61968,5.57
,10    CVn,191.24778,39.278916,62207,5.95
La Superba,,191.28261,45.440256,62223,5.42
,32    Vir,191.40441,7.673326,62267,5.22
,Iot Cru,191.40825,-60.981318,62268,4.69
,Bet Mus,191.57019,-68.108119,62322,3.04
,33    Vir,191.59392,9.539684,62325,5.65
,27    Com,191.661495,16.577691,62356,5.12
,34    Vir,191.80684499999998,11.958088,62394,6.11
Tianyi,7    Dra,191.89309500000002,66.790304,62423,5.43
Mimosa,Bet Cru,191.930385,-59.688764,62434,1.25
,35    Vir,191.96420999999998,3.572716,62443,6.42
Gar,,191.985975,9.751397,62452,11.39
,28    Com,192.05973,13.553018,62478,6.47
,11    CVn,192.174255,48.466838,62516,6.25
,29    Com,192.225885,14.122584,62541,5.71
,30    Com,192.32274,27.552379,62576,5.76
,37    Vir,192.903705,3.056788,62757,6.02
,31    Com,192.92467499999998,27.540712,62763,4.93
,32    Com,193.051065,17.073943,62807,6.32
,38    Vir,193.296495,-3.553098,62875,6.11
,35    Com,193.323945,21.244943,62886,4.89
,Kap Cru,193.453845,-60.376244,62931,5.89
,41    Vir,193.45713,12.418416,62933,6.25
Alioth,77Eps UMa,193.50708,55.959821,62956,1.76
,40Psi Vir,193.588185,-9.538994,62985,4.77
,Mu 1Cru,193.6485,-57.177924,63003,4.03
,Mu 2Cru,193.65376500000002,-57.16867,63005,5.08
,Lam Cru,193.663335,-59.146701,63007,4.62
,Iot Oct,193.743285,-85.123369,63031,5.45
Taiyi,8    Dra,193.86897,65.438474,63076,5.23
Minelauva,43Del Vir,193.90087499999998,3.39747,63090,3.39
Cor Caroli B,12Alp1CVn,194.00202,38.314912,63121,5.61
Cor Caroli,12Alp2CVn,194.007105,38.31838,63125,2.89
,36    Com,194.73102,17.409446,63355,4.76
,44    Vir,194.91465,-3.811926,63414,5.79
,9    Dra,194.97997500000002,66.597272,63432,5.37
,37    Com,195.06864000000002,30.785021,63462,4.88
,46    Vir,195.149775,-3.368488,63494,5.99
,78    UMa,195.181875,56.366338,63503,4.93
,38    Com,195.290055,17.123147,63533,5.97
Vindemiatrix,47Eps Vir,195.54416999999998,10.95915,63608,2.85
,Del Mus,195.566385,-71.548855,63613,3.61
,Xi 1Cen,195.88884,-49.527264,63724,4.83
,48    Vir,195.97675500000003,-3.663143,63750,6.62
,14    CVn,196.43517,35.798899,63901,5.2
,39    Com,196.588515,21.153397,63948,6.0
,40    Com,196.59417,22.616187,63950,5.53
,Xi 2Cen,196.7277,-49.906246,64004,4.27
,41    Com,196.79469,27.624741,64022,4.8
,49    Vir,196.97421,-10.740408,64078,5.15
,The Mus,197.02981499999999,-65.306023,64094,5.44
,45Psi Hya,197.263635,-23.11807,64166,4.94
,15    CVn,197.42514,38.533885,64217,6.25
,50    Vir,197.43867,-10.329327,64224,5.95
,51The Vir,197.48746500000001,-5.53901,64238,4.38
Diadem,42Alp Com,197.49703499999998,17.529431,64241,4.32
,17    CVn,197.513445,38.498981,64246,5.91
,43Bet Com,197.96856,27.878183,64394,4.23
,53    Vir,198.01476,-16.198601,64407,5.04
,54    Vir,198.361815,-18.826406,64520,6.26
,55    Vir,198.54541500000002,-19.930947,64577,5.31
,Eta Mus,198.8124,-67.894589,64661,4.79
,19    CVn,198.88323,40.855199,64692,5.77
,57    Vir,198.99483,-19.943103,64725,5.21
,59    Vir,199.19382000000002,9.424156,64792,5.19
,20    CVn,199.385685,40.572608,64844,4.72
,60Sig Vir,199.40118,5.469869,64852,4.78
,21    CVn,199.56051,49.682062,64906,5.14
,61    Vir,199.601445,-18.311196,64924,4.74
,46Gam Hya,199.730385,-23.171512,64962,2.99
,23    CVn,200.079,40.150548,65072,5.6
,Iot Cen,200.14944,-36.712295,65109,2.75
,64    Vir,200.54037,5.154764,65241,5.89
,63    Vir,200.75464499999998,-17.735274,65301,5.36
,65    Vir,200.82873,-4.924427,65323,5.88
Mizar,79Zet UMa,200.981205,54.925362,65378,2.23
,66    Vir,201.13845,-5.16401,65420,5.76
Matza,,201.15045,-51.504458,65426,7.01
,Iot1Mus,201.28041000000002,-74.887818,65468,5.04
Spica,67Alp Vir,201.298245,-11.161322,65474,0.98
Alcor,80    UMa,201.306195,54.987958,65477,3.99
,68    Vir,201.679875,-12.707664,65581,5.27
,Iot2Mus,201.82731,-74.691755,65628,6.62
,69    Vir,201.86319,-15.973578,65639,4.76
,70    Vir,202.107555,13.778787,65721,4.97
,71    Vir,202.30417500000001,10.81831,65790,5.65
,72    Vir,202.60719,-6.470265,65892,6.1
,74    Vir,202.99119,-6.255816,66006,4.68
,73    Vir,203.01171000000002,-18.72888,66015,6.01
Dofida,,203.10645,-47.271363,66047,7.17
,75    Vir,203.21518500000002,-15.363012,66091,5.52
,76    Vir,203.241975,-10.165,66098,5.21
Liesma,,203.51071499999998,53.728529,66192,8.05
,81    UMa,203.53046999999998,55.348434,66198,5.6
,78    Vir,203.53305,3.658967,66200,4.92
,24    CVn,203.61374999999998,49.015973,66234,4.68
Heze,79Zet Vir,203.6733,-0.59582,66249,3.38
,80    Vir,203.880405,-5.396191,66320,5.7
,25    CVn,204.365175,36.294898,66458,4.82
,82    UMa,204.87708,52.921208,66634,5.46
,Eps Cen,204.97194000000002,-53.466394,66657,2.29
,1    Boo,205.168635,19.955719,66727,5.73
,83    UMa,205.184505,54.681634,66738,4.63
,Kap Oct,205.233855,-85.786043,66753,5.56
,2    Boo,205.25979,22.495768,66763,5.63
,82    Vir,205.40323500000002,-8.702984,66803,5.03
,84    Vir,205.76547,3.537903,66936,5.35
,83    Vir,206.12427000000002,-16.179072,67057,5.55
,85    Vir,206.396115,-15.767467,67139,6.18
,1    Cen,206.422065,-33.043721,67153,4.23
,86    Vir,206.48466,-12.426528,67172,5.5
,84    UMa,206.648595,54.432679,67231,5.68
,3    Boo,206.68051499999999,25.702236,67239,5.97
,4Tau Boo,206.81565,17.456906,67275,4.5
,87    Vir,206.85578999999998,-17.859839,67288,5.41
Alkaid,85Eta UMa,206.88531,49.313265,67301,1.85
,2    Cen,207.36136499999998,-34.450776,67457,4.19
,5Ups Boo,207.369345,15.797905,67459,4.05
,Nu  Cen,207.37617,-41.687709,67464,3.41
,Mu  Cen,207.404145,-42.473732,67472,3.47
,6    Boo,207.42846,21.264105,67480,4.92
,89    Vir,207.46786500000002,-18.134168,67494,4.96
,10    Dra,207.858075,64.723272,67627,4.58
,3    Cen,207.956685,-32.994089,67669,4.32
,4    Cen,208.302255,-31.927612,67786,4.75
,7    Boo,208.303875,17.932868,67787,5.71
,86    UMa,208.462605,53.728677,67848,5.7
Muphrid,8Eta Boo,208.671165,18.397717,67927,2.68
,90    Vir,208.675605,-1.503125,67929,5.16
,Zet Cen,208.885005,-47.288375,68002,2.55
,92    Vir,209.116155,1.050581,68092,5.9
,9    Boo,209.142405,27.492082,68103,5.02
,Phi Cen,209.56779,-42.100753,68245,3.83
,47    Hya,209.629785,-24.972249,68269,5.2
,10    Boo,209.66218500000002,21.696219,68276,5.76
,Ups1Cen,209.669805,-44.803584,68282,3.87
,48    Hya,210.00055500000002,-25.010403,68390,5.77
,11    Boo,210.2937,27.386594,68478,6.23
,93Tau Vir,210.411645,1.544532,68520,4.23
,Ups2Cen,210.43122,-45.603421,68523,4.34
Hadar,Bet Cen,210.955935,-60.373039,68702,0.61
Thuban,11Alp Dra,211.097475,64.37585,68756,3.67
,The Aps,211.33354500000002,-76.796752,68815,5.69
,Chi Cen,211.51155,-41.179633,68862,4.36
,49Pi  Hya,211.592895,-26.682361,68895,3.25
Menkent,5The Cen,211.670925,-36.369954,68933,2.06
,95    Vir,211.67844,-9.313515,68940,5.46
,3    UMi,211.735215,74.593781,68956,6.43
,13    Boo,212.072175,49.458167,69068,5.26
,4    UMi,212.21247,77.547514,69112,4.8
,96    Vir,212.252475,-10.334546,69127,6.45
,12    Boo,212.599725,25.091677,69226,4.82
,50    Hya,213.191775,-27.261186,69415,5.07
Kang,98Kap Vir,213.22393499999998,-10.273702,69427,4.18
,17Kap1Boo,213.36577499999999,51.787868,69481,6.62
,17Kap2Boo,213.37077,51.789965,69483,4.53
,14    Boo,213.52159500000002,12.959444,69536,5.53
,15    Boo,213.71187,10.10061,69612,5.29
Arcturus,16Alp Boo,213.91545,19.18241,69673,-0.05
Syrma,99Iot Vir,214.00362,-6.000547,69701,4.07
,21Iot Boo,214.041585,51.367231,69713,4.75
Xuange,19Lam Boo,214.09610999999998,46.088305,69732,4.18
,Eta Aps,214.558155,-81.00776,69896,4.89
Khambalia,100Lam Vir,214.77747,-13.371095,69974,4.52
,18    Boo,214.81781999999998,13.004299,69989,5.41
,Iot Lup,214.85094,-46.058093,69996,3.55
,102Ups Vir,214.885335,-2.265518,70012,5.14
,20    Boo,214.93849500000002,16.306948,70027,4.84
,Psi Cen,215.139345,-37.885295,70090,4.05
,Eps Aps,215.59662,-80.108945,70248,5.06
,51    Hya,215.77413,-27.754017,70306,4.78
,2    Lib,215.85678,-11.714043,70336,6.22
,23The Boo,216.299505,51.850744,70497,4.04
,Tau1Lup,216.534285,-45.221424,70574,4.56
,Tau2Lup,216.54504,-45.379276,70576,4.33
,22    Boo,216.614025,19.2269,70602,5.4
,Del Oct,216.732015,-83.667884,70638,4.31
,104    Vir,216.85161,-6.120332,70680,6.18
,5    UMi,216.88137,75.695993,70692,4.25
,52    Hya,217.04346,-29.491638,70753,4.97
Elgafar,105Phi Vir,217.05057000000002,-2.227957,70755,4.81
,24    Boo,217.15795500000002,49.844851,70791,5.58
,106    Vir,217.17384,-6.900536,70794,5.42
Proxima Centauri,,217.439775,-62.679485,70890,11.01
,25Rho Boo,217.9575,30.371437,71053,3.57
Seginus,27Gam Boo,218.01954,38.308253,71075,3.04
,26    Boo,218.13561,22.260059,71115,5.91
,Sig Lup,218.15443499999998,-50.457157,71121,4.44
,28Sig Boo,218.67,29.74513,71284,4.47
,Eta Cen,218.87679,-42.157824,71352,2.33
,Rho Lup,219.47181,-49.425828,71536,4.05
,33    Boo,219.709335,44.4045,71618,5.39
Toliman,Alp2Cen,219.90519,-60.8383,71681,1.35
Rigil Kentaurus,Alp1Cen,219.911475,-60.833976,71683,-0.01
,29Pi 1Boo,220.18152,16.418324,71762,4.49
,30Zet Boo,220.2873,13.7283,71795,3.78
,31    Boo,220.411455,8.161764,71832,4.86
,32    Boo,220.431345,11.660662,71837,5.55
,Alp Lup,220.482345,-47.3882,71860,2.3
,Alp Cir,220.62738,-64.975138,71908,3.18
,107Mu  Vir,220.765095,-5.658207,71957,3.87
,4    Lib,220.806465,-24.997753,71974,5.7
,34    Boo,220.85568,26.52785,71995,4.8
Izar,36Eps Boo,221.24676,27.074222,72105,2.35
,35Omi Boo,221.31025499999998,16.96428,72125,4.6
,108    Vir,221.37585,0.717271,72154,5.68
,5    Lib,221.49066000000002,-15.459541,72194,6.33
,54    Hya,221.500365,-25.443181,72197,5.15
,109    Vir,221.56217999999998,1.892885,72220,3.73
,55    Hya,221.843985,-25.624267,72323,5.61
Mönch,,221.88636,-0.281476,72339,8.04
,56    Hya,221.93668499999998,-26.0875,72357,5.23
,Alp Aps,221.965515,-79.044751,72370,3.83
,57    Hya,221.98983,-26.646155,72378,5.76
Merga,38    Boo,222.327795,46.116205,72487,5.76
,7Mu  Lib,222.329385,-14.149022,72489,5.32
,39    Boo,222.422145,48.720804,72524,5.68
,58    Hya,222.572205,-27.960371,72571,4.42
,8Alp1Lib,222.671595,-15.997237,72603,5.15
Kochab,7Bet UMi,222.676575,74.155505,72607,2.07
Zubenelgenubi,9Alp2Lib,222.719655,-16.041778,72622,2.75
,11    Lib,222.75447,-2.29915,72631,4.93
,37Xi  Boo,222.847395,19.10046,72659,4.54
,Omi Lup,222.909615,-43.575359,72683,4.32
Arcalís,,223.34595000000002,18.235401,72845,7.8
,12    Lib,223.58388,-24.642202,72929,5.27
,13Xi 1Lib,223.59531,-11.898348,72934,5.78
,Zet Cir,223.67745,-65.991095,72965,6.09
,The Cir,224.18331,-62.781016,73129,5.08
,15Xi 2Lib,224.19213,-11.409701,73133,5.48
Baekdu,,224.20138500000002,74.900927,73136,6.83
,16    Lib,224.295825,-4.346462,73165,4.47
,17    Lib,224.55588,-11.15476,73249,6.61
,Bet Lup,224.63305499999998,-43.13396,73273,2.68
,59    Hya,224.66358,-27.657314,73284,5.65
,18    Lib,224.72325,-11.144014,73310,5.88
,Kap Cen,224.79037499999998,-42.104194,73334,3.13
,40    Boo,224.90397000000002,39.265333,73369,5.64
,19Del Lib,225.24312,-8.518943,73473,4.91
,Pi 1Oct,225.46131,-83.227646,73540,5.65
Nekkar,42Bet Boo,225.48654000000002,40.390566,73555,3.49
,60    Hya,225.526785,-28.060611,73566,5.83
,41Ome Boo,225.52711499999998,25.008138,73568,4.8
,110    Vir,225.72516000000002,2.091303,73620,4.39
,44    Boo,225.94761,47.65406,73695,4.83
Brachium,20Sig Lib,226.017585,-25.281965,73714,3.25
,43Psi Boo,226.11147,26.947649,73745,4.52
,Pi 2Oct,226.195665,-83.038311,73771,5.65
,Eta Cir,226.20045000000002,-64.03135,73776,5.16
,Pi  Lup,226.27954499999998,-47.051245,73807,3.91
,47    Boo,226.357725,48.150972,73841,5.59
,21Nu  Lib,226.65666,-16.256818,73945,5.19
,45    Boo,226.82523,24.869195,73996,4.93
,46    Boo,227.099085,26.301152,74087,5.67
,Lam Lup,227.21091,-45.279857,74117,4.07
,Ome Oct,227.786655,-84.787812,74296,5.88
,Kap1Lup,227.98377000000002,-48.737819,74376,3.88
,Kap2Lup,227.990445,-48.743687,74380,5.7
,24Iot1Lib,228.05538,-19.79171,74392,4.54
,Zet Lup,228.0714,-52.099247,74395,3.41
,25Iot2Lib,228.329955,-19.647572,74493,6.07
,23    Lib,228.369555,-25.309347,74500,6.47
,48Chi Boo,228.621525,29.164295,74596,5.28
,26    Lib,228.640665,-17.768572,74600,6.18
,1    Lup,228.65550000000002,-31.519121,74604,4.91
,3    Ser,228.79731,4.939362,74649,5.32
,49Del Boo,228.87564,33.314833,74666,3.46
,4    Ser,228.954495,0.372139,74689,5.62
,Del Cir,229.237065,-60.957255,74778,5.04
Zubeneschamali,27Bet Lib,229.251735,-9.382917,74785,2.61
,11    UMi,229.27452,71.823901,74793,5.02
,Bet Cir,229.37875499999998,-58.801208,74824,4.07
,Eps Cir,229.41204,-63.610465,74837,4.85
,2    Lup,229.45767,-30.148673,74857,4.35
,Mu  Lup,229.633455,-47.875272,74911,4.27
,Gam TrA,229.72771500000002,-68.679545,74946,2.87
Nikawiy,,229.77577499999998,41.733207,74961,7.88
,5    Ser,229.82832,1.765408,74975,5.04
,1Omi CrB,230.03571,29.616209,75049,5.51
Pherkad,13Gam UMi,230.182245,71.834016,75097,3.0
,28    Lib,230.22366,-18.158658,75110,6.16
,29Omi Lib,230.25573,-15.548342,75118,6.14
,6    Ser,230.25831000000002,0.715337,75119,5.35
,Del Lup,230.343015,-40.647518,75141,3.22
,Phi1Lup,230.4516,-36.261376,75177,3.57
,50    Boo,230.452425,32.933695,75178,5.38
,Nu 2Lup,230.452605,-48.317628,75181,5.65
,Nu 1Lup,230.534625,-47.927792,75206,4.99
,7    Ser,230.59683,12.567521,75230,6.29
,Eps Lup,230.67031500000002,-44.689622,75264,3.37
,Phi2Lup,230.788965,-36.858489,75304,4.54
,2Eta CrB,230.80124999999998,30.287812,75312,4.99
,Gam Cir,230.844375,-59.320787,75323,4.48
,8    Ser,230.93212499999998,-1.022384,75342,6.11
,31Eps Lib,231.049545,-10.322266,75379,4.92
Alkalurops,51Mu 1Boo,231.122715,37.377167,75411,4.31
Alkalurops B,51Mu 2Boo,231.1287,37.3473,75415,6.51
,Ups Lup,231.18756,-39.710268,75439,5.36
Edasich,12Iot Dra,231.23241000000002,58.966065,75458,3.29
,9Tau1Ser,231.44747999999998,15.428036,75530,5.16
Nusakan,3Bet CrB,231.95727,29.105703,75695,3.66
,32Zet1Lib,232.06420500000002,-16.716484,75730,5.64
,10    Ser,232.15932,1.842081,75761,5.15
,34Zet3Lib,232.668345,-16.609464,75944,5.82
,52Nu 1Boo,232.73232,40.833047,75973,5.04
,15The UMi,232.854285,77.349352,76008,5.0
,Kap1Aps,232.87842,-73.389591,76013,5.4
,53Nu 2Boo,232.94577,40.899332,76041,4.98
,12Tau2Ser,233.040315,16.056169,76069,6.22
,35Zet4Lib,233.230095,-16.852844,76126,5.53
,4The CrB,233.23243499999998,31.359133,76127,4.14
,11    Ser,233.241405,-1.186399,76133,5.5
,37    Lib,233.54457,-10.064529,76219,4.61
,36    Lib,233.655495,-28.046983,76259,5.13
Alphecca,5Alp CrB,233.67192,26.714693,76267,2.22
,13Del Ser,233.700615,10.538867,76276,3.8
,Gam Lup,233.785215,-41.166757,76297,2.8
,6Mu  CrB,233.81214,39.010067,76307,5.14
Zubenelhakrabi,38Gam Lib,233.881575,-14.789537,76333,3.91
,15Tau3Ser,233.888475,17.655555,76337,6.1
Karaka,,233.91693,-80.204587,76351,8.71
,18Tau5Ser,234.121815,16.119085,76424,5.93
,16    Ser,234.12324,10.010176,76425,5.26
,14    Ser,234.14046,-0.561531,76427,6.51
,Eps TrA,234.18,-66.317037,76440,4.11
,39Ups Lib,234.25605,-28.135079,76470,3.6
,54Phi Boo,234.456615,40.353433,76534,5.25
,Ome Lup,234.51348000000002,-42.567348,76552,4.34
,40Tau Lib,234.66405,-29.777754,76600,3.66
,41    Lib,234.72732000000002,-19.301892,76628,5.36
,7Zet1CrB,234.84448500000002,36.635812,76669,4.64
,3Psi1Lup,234.94158000000002,-34.411926,76705,4.66
,42    Lib,235.0704,-23.818078,76742,4.97
,Kap2Aps,235.08897000000002,-73.446685,76750,5.64
,19Tau6Ser,235.246245,16.024588,76810,6.0
,21Iot Ser,235.38773999999998,19.670401,76852,4.51
,20Chi Ser,235.44755999999998,12.847528,76866,5.34
,22Tau7Ser,235.47798,18.464037,76878,5.8
,43Kap Lib,235.48666500000002,-19.678828,76880,4.75
,4Psi2Lup,235.67092499999998,-34.710407,76945,4.75
,8Gam CrB,235.68571500000002,26.295637,76952,3.81
,Rho Oct,235.817415,-84.465273,76996,5.57
,9Pi  CrB,235.99710000000002,32.515807,77048,5.57
,23Psi Ser,236.007585,2.515173,77052,5.86
,16Zet UMi,236.014485,77.794493,77055,4.29
,44Eta Lib,236.01834,-15.672834,77060,5.41
Unukalhai,24Alp Ser,236.06697,6.425627,77070,2.63
,26Tau8Ser,236.175555,17.264226,77111,6.15
,25    Ser,236.523495,-1.804193,77227,5.39
,28Bet Ser,236.546895,15.421826,77233,3.65
,27Lam Ser,236.61090000000002,7.353073,77257,4.42
,31Ups Ser,236.82216000000003,14.115348,77336,5.71
Gudja,35Kap Ser,237.184905,18.141564,77450,4.09
,10Del CrB,237.39855,26.068394,77512,4.59
,32Mu  Ser,237.40503,-3.430208,77516,3.54
,34Ome Ser,237.573105,2.196509,77578,5.21
,37Eps Ser,237.704025,4.47773,77622,3.71
,5Chi Lup,237.73974,-33.627165,77634,3.97
,1    Sco,237.74478000000002,-25.751295,77635,4.63
,11Kap CrB,237.80805,35.657382,77655,4.79
,36    Ser,237.814965,-3.090497,77660,5.09
,38Rho Ser,237.81629999999998,20.977919,77661,4.74
,1Chi Her,238.168545,42.451518,77760,4.6
,39    Ser,238.30041,13.196623,77801,6.07
,45Lam Lib,238.333575,-20.16704,77811,5.04
,2    Sco,238.402995,-25.327142,77840,4.59
,46The Lib,238.456395,-16.729293,77853,4.13
,2    Her,238.65774,43.138567,77907,5.35
,3    Sco,238.664715,-25.243741,77909,5.87
,40    Ser,238.66781999999998,8.580337,77910,6.28
,47    Lib,238.75152,-19.382926,77939,5.95
,Bet TrA,238.786245,-63.430727,77952,2.83
,Kap TrA,238.873365,-68.603001,77982,5.11
,4    Sco,238.87534499999998,-26.265993,77984,5.63
,4    Her,238.87749000000002,42.566193,77986,5.73
,12Lam CrB,238.94826,37.946958,78012,5.43
,41Gam Ser,239.11323000000002,15.661617,78072,3.85
Iklil,5Rho Sco,239.22115499999998,-29.214073,78104,3.87
,Xi 1Lup,239.222895,-33.966134,78105,5.14
,Xi 2Lup,239.22549,-33.964281,78106,5.59
,Phi Ser,239.31072,14.41448,78132,5.54
,13Eps CrB,239.39691000000002,26.87788,78159,4.14
,48    Lib,239.547375,-14.279358,78207,4.95
Fang,6Pi  Sco,239.712975,-26.114105,78265,2.89
,Eta Lup,240.03054,-38.396706,78384,3.42
,49    Lib,240.081705,-16.53335,78400,5.47
Dschubba,7Del Sco,240.08335499999998,-22.62171,78401,2.29
,50    Lib,240.19846500000003,-8.411353,78436,5.53
,15Rho CrB,240.26118,33.303509,78459,5.39
,5    Her,240.30966,17.818397,78481,5.1
,14Iot CrB,240.360705,29.851061,78493,4.98
,13The Dra,240.47297999999998,58.565251,78527,4.01
,44Pi  Ser,240.57371999999998,22.804454,78554,4.82
,6Ups Her,240.69951,46.036705,78592,4.72
,Eta Nor,240.80368499999997,-49.229695,78639,4.65
,Iot1Nor,240.88396500000002,-57.775064,78662,4.63
,43    Ser,240.94037999999998,4.986834,78685,6.07
Acrab,8Bet1Sco,241.35930000000002,-19.805453,78820,2.56
Acrab B,8Bet2Sco,241.36065000000002,-19.80186,78821,4.9
,Del Nor,241.62264,-45.173185,78914,4.73
,The Lup,241.64811000000003,-36.802288,78918,4.22
,9Ome1Sco,241.70177999999999,-20.669192,78933,3.93
,10Ome2Sco,241.85136,-20.868764,78990,4.31
,11    Sco,241.90173,-12.74541,79005,5.75
,45    Ser,241.90641,9.891743,79007,5.63
Marsic,7Kap Her,242.018865,17.04698,79043,5.0
Marsic B,7Kap Her,242.02065,17.054382,79045,6.25
,47    Ser,242.11697999999998,8.53431,79072,5.69
,11Phi Her,242.19243,44.934906,79101,4.23
,8    Her,242.19429,17.205638,79102,6.13
,16Tau CrB,242.24293500000002,36.490944,79119,4.73
,Iot2Nor,242.32730999999998,-57.934318,79153,5.57
Kamuy,,242.51630999999998,26.74275,79219,6.57
,19    UMi,242.70636,75.877563,79280,5.48
,10    Her,242.90848499999998,23.494801,79349,5.74
Jabbah,14Nu  Sco,242.99889000000002,-19.460708,79374,4.0
,15Psi Sco,242.999955,-10.064253,79375,4.93
,16    Sco,243.03047999999998,-8.547576,79387,5.43
,12    Sco,243.06684,-28.417305,79399,5.67
,13    Sco,243.075855,-27.926372,79404,4.58
,20    UMi,243.13404000000003,75.210681,79420,6.36
Sharjah,,243.17406000000003,-18.875503,79431,11.34
,9    Her,243.31429500000002,5.021086,79488,5.46
,Zet Nor,243.34476,-55.540947,79497,5.78
,Kap Nor,243.36971999999997,-54.630467,79509,4.95
,17Chi Sco,243.46210499999998,-11.837747,79540,5.24
Yed Prior,1Del Oph,243.58641000000003,-3.694323,79593,2.73
,17Sig CrB,243.67034999999998,33.858613,79607,5.23
,The Nor,243.813855,-47.372021,79653,5.13
,Del TrA,243.85945500000003,-63.685682,79664,3.86
,16    Her,243.86932499999998,18.808087,79666,5.72
,18    Sco,243.90528,-8.369442,79672,5.49
,18Ups CrB,244.186605,29.150261,79757,5.8
,Gam1Nor,244.253895,-50.068122,79790,4.97
,21Eta UMi,244.376865,75.75533,79822,4.95
Yed Posterior,2Eps Oph,244.58036999999996,-4.692511,79882,3.23
,Lam Nor,244.82351999999997,-42.673965,79963,5.44
,22Tau Her,244.935165,46.313366,79992,3.91
,Gam2Nor,244.960305,-50.155508,80000,4.01
,Del1Aps,245.086785,-78.695745,80047,4.68
,Del2Aps,245.11192499999999,-78.667496,80057,5.27
Hunor,,245.151495,41.048084,80076,8.72
,19Omi Sco,245.15908499999998,-24.16932,80079,4.55
Alniyat,20Sig Sco,245.297145,-25.592796,80112,2.9
,20Gam Her,245.48007,19.15313,80170,3.74
,50Sig Ser,245.51812500000003,1.029039,80179,4.82
,19Xi  CrB,245.52430499999997,30.891996,80181,4.86
,20Nu 1CrB,245.58927,33.799052,80197,5.2
,21Nu 2CrB,245.621745,33.703478,80214,5.4
Athebyne,14Eta Dra,245.99790000000002,61.514213,80331,2.73
,4Psi Oph,246.02577,-20.037327,80343,4.48
,21    Her,246.04512,6.948207,80351,5.83
,25    Her,246.35070000000002,37.394079,80460,5.53
Cujam,24Ome Her,246.35396999999998,14.03327,80463,4.57
,5Rho Oph,246.39632999999998,-23.447178,80473,4.57
,7Chi Oph,246.755985,-18.456251,80569,4.22
,Eps Nor,246.796005,-47.554786,80582,4.46
,3Ups Oph,246.950775,-8.371731,80628,4.62
,Iot TrA,246.98877,-64.057942,80645,5.28
,15    Dra,246.996,68.768137,80650,4.94
,Zet TrA,247.11633,-70.084401,80686,4.9
Timir,,247.117305,-13.39964,80687,6.89
,30    Her,247.160595,41.881677,80704,4.83
Antares,21Alp Sco,247.35191999999998,-26.432002,80763,1.06
,34    Her,247.52521500000003,48.96109,80809,6.44
,22    Sco,247.55199,-25.115224,80815,4.79
Kornephoros,27Bet Her,247.55502,21.489613,80816,2.78
Wolf 1061,,247.57525499999997,-12.662594,80824,10.1
Ogma,,247.62346499999998,38.34731,80838,8.15
Marfik,10Lam Oph,247.72843500000002,1.983923,80883,3.82
,8Phi Oph,247.784865,-16.612733,80894,4.29
,9Ome Oph,248.034165,-21.46639,80975,4.45
,28    Her,248.14869,5.52122,81007,5.63
,29    Her,248.15122499999998,11.488041,81008,4.84
Rosalíadecastro,,248.21271,2.084832,81022,7.89
,Gam Aps,248.36413499999998,-78.897148,81065,3.86
,Mu  Nor,248.520915,-44.045315,81122,4.86
,35Sig Her,248.52575999999996,42.437041,81126,4.2
,The TrA,248.936625,-65.495399,81252,5.5
Paikauhale,23Tau Sco,248.97064500000002,-28.216016,81266,2.82
,16    Dra,249.04761,52.900048,81290,5.53
,17    Dra,249.05718000000002,52.924422,81292,5.07
,12    Oph,249.08937000000003,-2.324584,81300,5.77
,13Zet Oph,249.28974000000002,-10.56709,81377,2.54
,42    Her,249.68690999999998,48.928342,81497,4.86
,36    Her,250.146465,4.207203,81634,6.92
,37    Her,250.16119500000002,4.219789,81641,5.77
,18    Dra,250.22967,64.589046,81660,4.84
,40Zet Her,250.32169500000003,31.602726,81693,2.81
,Eta1TrA,250.34634,-68.296123,81710,5.89
,39    Her,250.402905,26.91688,81729,5.92
,14    Oph,250.42701,1.181231,81734,5.74
,44Eta Her,250.72399499999997,38.922254,81833,3.48
,Bet Aps,250.77189,-77.517435,81852,4.23
,16    Oph,251.373645,1.020161,82037,6.02
,43    Her,251.457885,8.582616,82073,5.15
,22Eps UMi,251.49238499999998,82.037262,82080,4.21
,25    Sco,251.713935,-25.52857,82140,6.72
,19    Oph,251.79064499999998,2.064526,82162,6.07
,45    Her,251.94340499999998,5.246746,82216,5.22
Atria,Alp TrA,252.166155,-69.027715,82273,1.91
,52    Her,252.309225,45.983323,82321,4.82
,Eta Ara,252.4464,-59.041378,82363,3.77
,20    Oph,252.458445,-10.783,82369,4.64
Larawag,26Eps Sco,252.54119999999998,-34.293232,82396,2.29
,47    Her,252.58075499999998,7.247683,82402,5.48
,50    Her,252.662325,29.806538,82422,5.73
,21    Oph,252.85387500000002,1.215947,82480,5.51
,51    Her,252.93859500000002,24.656433,82504,5.03
Xamidimura,Mu 1Sco,252.96763500000003,-38.04738,82514,3.0
,49    Her,253.02021,14.974215,82526,6.51
Pipirima,Mu 2Sco,253.083945,-38.017536,82545,3.56
,53    Her,253.24194,31.701674,82587,5.34
Mahsati,,253.43158499999998,11.973746,82651,8.38
,Zet1Sco,253.49885999999998,-42.362025,82671,4.7
,25Iot Oph,253.50196499999998,10.165359,82673,4.39
,Zet2Sco,253.64596500000002,-42.361313,82729,3.62
,23    Oph,253.648725,-6.153982,82730,5.23
,56    Her,253.75900499999997,25.730681,82780,6.06
,54    Her,253.842375,18.433213,82802,5.35
,19    Dra,254.00625,65.134796,82860,4.88
,20    Dra,254.10539999999997,65.039124,82898,6.4
,24    Oph,254.20015500000002,-23.150346,82925,5.57
,27    Sco,254.29656,-33.259492,82960,5.48
,57    Her,254.37936000000002,25.352841,82987,6.27
,27Kap Oph,254.417085,9.375033,83000,3.19
,Zet Ara,254.65509,-55.990141,83081,3.12
,Eps1Ara,254.89603499999998,-53.160438,83153,4.06
,26    Oph,255.039615,-24.98907,83196,5.74
,58Eps Her,255.07240499999997,30.926405,83207,3.92
,30    Oph,255.265005,-4.222644,83262,4.82
,59    Her,255.401505,33.56827,83313,5.27
,29    Oph,255.46356,-18.885538,83331,6.28
,Eps2Ara,255.78628500000002,-53.237028,83431,5.27
,61    Her,255.87588000000002,35.414049,83462,6.19
Rapeto,,256.12852499999997,-43.30977,83547,7.39
,21Mu  Dra,256.333935,54.470042,83608,4.91
,60    Her,256.34454,12.740828,83613,4.89
Aldhibah,22Zet Dra,257.19671999999997,65.714683,83895,3.17
Sabik,35Eta Oph,257.59452,-15.72491,84012,2.43
,63    Her,257.76318,24.237694,84054,6.2
,Eta Sco,258.03828,-43.239189,84143,3.32
,37    Oph,258.115875,10.585168,84177,5.32
Rasalgethi,64Alp1Her,258.661905,14.390333,84345,2.78
Sarin,65Del Her,258.75796499999996,24.839204,84379,3.12
,67Pi  Her,258.76182,36.809162,84380,3.16
Guniibuu,36    Oph,258.83754,-26.602829,84405,4.33
,41    Oph,259.152855,-0.445297,84514,4.72
,Lam UMi,259.23853499999996,89.037708,84535,6.31
,68    Her,259.331535,33.1001,84573,4.8
,69    Her,259.417755,37.291498,84606,4.64
,39Omi Oph,259.502535,-24.284111,84625,6.59
,39Omi Oph,259.502835,-24.286901,84626,5.14
Inquill,,259.964205,-48.549319,84787,6.67
,74    Her,260.088045,46.24078,84835,5.51
,72    Her,260.1648,32.467743,84862,5.38
,53Nu  Ser,260.20692,-12.846875,84880,4.32
,70    Her,260.225865,24.499435,84887,5.13
,40Xi  Oph,260.251515,-21.112933,84893,4.39
,Zet Aps,260.49796499999997,-67.770668,84969,4.76
,42The Oph,260.502405,-24.999545,84970,3.27
,Iot Aps,260.524485,-70.123208,84979,5.39
,Iot Ara,260.81698500000005,-47.468197,85079,5.21
,43    Oph,260.839965,-28.142831,85084,5.3
,75Rho Her,260.92062000000004,37.145946,85112,4.15
,73    Her,261.02745,22.960285,85157,5.7
,Bet Ara,261.324975,-55.529884,85258,2.84
,Gam Ara,261.34858499999996,-56.377727,85267,3.31
,Kap Ara,261.50016000000005,-50.63351,85312,5.19
,44    Oph,261.59256,-24.175309,85340,4.16
,49Sig Oph,261.628665,4.14036,85355,4.34
,77    Her,261.684345,48.260065,85379,5.83
,45    Oph,261.83863499999995,-29.867033,85423,4.28
Rastaban,23Bet Dra,262.608195,52.301387,85670,2.79
Maasym,76Lam Her,262.68462,26.110645,85693,4.41
Lesath,34Ups Sco,262.69097999999997,-37.295811,85696,2.7
,24    UMi,262.69584,86.968047,85699,5.78
,Del Ara,262.77477,-60.683848,85727,3.6
,51    Oph,262.85397,-23.962643,85755,4.78
,78    Her,262.956585,28.407499,85790,5.66
,Alp Ara,262.96042500000004,-49.876145,85792,2.84
,27    Dra,262.991175,68.135024,85805,5.07
,24Nu 1Dra,263.043765,55.184243,85819,4.89
Yildun,23Del UMi,263.05377,86.58646,85822,4.35
,25Nu 2Dra,263.066505,55.172958,85829,4.86
Shaula,35Lam Sco,263.402175,-37.103821,85927,1.62
,53    Oph,263.6529,9.5867,85998,5.8
Rasalhague,55Alp Oph,263.733615,12.560035,86032,2.08
,26    Dra,263.74755,61.874554,86036,5.23
,52    Oph,263.82707999999997,-22.043822,86060,6.47
,1Sig Ara,263.91498,-46.505684,86092,4.56
,82    Her,264.156855,48.585634,86182,5.35
,28Ome Dra,264.237885,68.75797,86201,4.77
Sargas,The Sco,264.3297,-42.997824,86228,1.86
,79    Her,264.37955999999997,24.309991,86254,5.76
,55Xi  Ser,264.396675,-15.398557,86263,3.54
,57Mu  Oph,264.46130999999997,-8.118771,86284,4.58
,Pi  Ara,264.52306500000003,-54.500434,86305,5.25
,85Iot Her,264.86620500000004,46.006332,86414,3.82
,Lam Ara,265.09914000000003,-49.415587,86486,4.76
,56Omi Ser,265.353645,-12.875307,86565,4.24
Dziban,31Psi1Dra,265.48467,72.148843,86614,4.57
Dziban B,31Psi1Dra,265.491915,72.156911,86620,5.81
,83    Her,265.618185,24.564058,86667,5.56
,Kap Sco,265.62198,-39.029983,86670,2.39
,84    Her,265.839885,24.327821,86731,5.73
,58    Oph,265.857495,-21.683194,86736,4.86
Cebalrai,60Bet Oph,265.868145,4.567303,86742,2.76
Alruba,,265.99654499999997,53.801715,86782,5.75
Cervantes,Mu  Ara,266.03628000000003,-51.834053,86796,5.12
,61    Oph,266.14206,2.579441,86831,6.16
,Eta Pav,266.433315,-64.723871,86929,3.61
,86Mu  Her,266.614785,27.720676,86974,3.42
,3    Sgr,266.89011000000005,-27.830788,87072,4.53
,Iot1Sco,266.89617000000004,-40.126997,87073,2.99
,62Gam Oph,266.973165,2.707276,87108,3.75
,87    Her,267.20478,25.622869,87194,5.09
,30    Dra,267.26793000000004,50.781075,87212,5.02
,35    Dra,267.362325,76.962881,87234,5.02
Fuyue,,267.464475,-37.043304,87261,3.19
,88    Her,267.513885,48.394152,87280,6.78
,Iot2Sco,267.54630000000003,-40.090435,87294,4.78
,90    Her,268.325115,40.007959,87563,5.17
Grumium,32Xi  Dra,268.38201,56.872643,87585,3.73
,34Psi2Dra,268.79643,72.005127,87728,5.43
,89    Her,268.85494500000004,26.049991,87747,5.47
,91The Her,269.06325000000004,37.250539,87808,3.86
Eltanin,33Gam Dra,269.151555,51.488895,87833,2.24
,92Xi  Her,269.44116,29.24788,87933,3.7
Barnard's Star,,269.45207999999997,4.693388,87937,9.54
,94Nu  Her,269.62561500000004,30.189277,87998,4.41
,64Nu  Oph,269.75662500000004,-9.773632,88048,3.32
,4    Sgr,269.948145,-23.816133,88116,4.74
,40    Dra,270.01416,80.000841,88127,6.11
,93    Her,270.014235,16.750919,88128,4.67
,41    Dra,270.03789,80.004095,88136,5.74
,66    Oph,270.06582,4.368615,88149,4.79
,57Zet Ser,270.12086999999997,-3.690269,88175,4.62
,67    Oph,270.16130999999996,2.931568,88192,3.93
,6    Sgr,270.34633499999995,-17.156868,88258,6.27
,95    Her,270.37669500000004,21.595782,88267,4.26
,68    Oph,270.43833,1.305076,88290,4.42
,96    Her,270.59604,20.833632,88331,5.25
,97    Her,270.625635,22.92323,88346,6.22
,7    Sgr,270.712905,-24.282468,88380,5.37
,69Tau Oph,270.77050499999996,-8.180349,88404,4.77
Pincoya,,270.778905,-28.560643,88414,9.62
,9    Sgr,270.96852,-24.36073,88469,5.89
,Gam1Sgr,271.25511,-29.580087,88567,4.66
,70    Oph,271.363695,2.500099,88601,4.03
Alnasl,10Gam2Sgr,271.452045,-30.424091,88635,2.98
,98    Her,271.50792,22.218879,88657,4.96
,The Ara,271.6578,-50.091477,88714,3.65
,99    Her,271.756455,30.56214,88745,5.05
,71    Oph,271.826505,8.733867,88765,4.64
,72    Oph,271.83744,9.563847,88771,3.71
,103Omi Her,271.88562,28.762488,88794,3.84
,100    Her,271.956255,26.09734,88817,5.79
,100    Her,271.95651000000004,26.10128,88818,5.83
,Pi  Pav,272.145,-63.668553,88866,4.33
,102    Her,272.18955,20.814557,88886,4.37
,101    Her,272.22027,20.045233,88899,5.1
,73    Oph,272.39122499999996,3.993276,88964,5.71
,Iot Pav,272.60922,-62.002197,89042,5.47
,Eps Tel,272.807355,-45.954418,89112,4.52
,11    Sgr,272.93055,-23.701235,89153,4.96
,104    Her,272.975655,31.40535,89172,4.96
Polis,13Mu  Sgr,273.44088,-21.058834,89341,3.84
,36    Dra,273.473175,64.397287,89348,4.99
,14    Sgr,273.56624999999997,-21.713164,89369,5.49
,15    Sgr,273.80377500000003,-20.72827,89439,5.29
,16    Sgr,273.804045,-20.387974,89440,5.96
,37    Dra,273.82108500000004,68.75581,89448,5.96
,Eta Sgr,274.406895,-36.761686,89642,3.1
,105    Her,274.794495,24.446059,89773,5.3
,1Kap Lyr,274.965465,36.064547,89826,4.33
,106    Her,275.074635,21.961297,89861,4.92
,43Phi Dra,275.189325,71.337814,89908,4.22
,74    Oph,275.216925,3.377165,89918,4.85
,108    Her,275.23737,29.858925,89925,5.61
Kaus Media,19Del Sgr,275.24850000000004,-29.828103,89931,2.72
,107    Her,275.254245,28.869954,89935,5.12
,44Chi Dra,275.26104000000004,72.732843,89937,3.55
,58Eta Ser,275.32750500000003,-2.898825,89962,3.23
Alasia,,275.457435,-11.922683,90004,7.95
,Xi  Pav,275.806755,-61.493901,90098,4.35
,Phi Oct,275.90184,-75.044277,90133,5.47
,Zet Sct,275.914935,-8.934383,90135,4.66
,109    Her,275.924505,21.769752,90139,3.85
,39    Dra,275.977605,58.800736,90156,4.98
Kaus Australis,20Eps Sgr,276.04302,-34.384616,90185,1.79
,2Mu  Lyr,276.05745,39.507239,90191,5.11
,18    Sgr,276.25599,-30.75657,90260,5.58
,21    Sgr,276.337665,-20.541679,90289,4.81
Fafnir,42    Dra,276.496035,65.56348,90344,4.82
,Alp Tel,276.74341499999997,-45.968459,90422,3.49
,59    Ser,276.802125,0.196108,90441,5.2
Kaus Borealis,22Lam Sgr,276.992685,-25.4217,90496,2.82
,Zet Tel,277.207575,-49.070588,90568,4.1
,Gam Sct,277.29939,-14.565813,90595,4.67
,60    Ser,277.42075500000004,-1.985308,90642,5.38
,Nu  Pav,277.84344,-62.278302,90797,4.63
,Del1Tel,277.939305,-45.914814,90830,4.92
,61    Ser,277.98747000000003,-1.002977,90844,5.93
,Del2Tel,278.00811,-45.757382,90853,5.07
,45    Dra,278.143845,57.045599,90905,4.77
,Kap2CrA,278.34619499999997,-38.720033,90969,6.31
,Kap1CrA,278.34639,-38.725985,90968,5.67
,The CrA,278.375745,-42.31251,90982,4.62
,24    Sgr,278.472855,-24.032283,91004,5.49
,25    Sgr,278.636505,-24.222393,91066,6.53
,Alp Sct,278.80177499999996,-8.244073,91117,3.85
Vega,3Alp Lyr,279.2346,38.783692,91262,0.03
,26    Sgr,280.46511,-23.833423,91689,6.22
,Del Sct,280.568445,-9.052549,91726,4.7
,46    Dra,280.658145,55.539457,91755,5.03
Struve 2398 A,,280.697685,59.630396,91768,8.94
Struve 2398 B,,280.698735,59.626847,91772,9.7
,Zet Pav,280.7589,-71.428113,91792,4.01
,Eps Sct,280.88022,-8.275215,91845,4.88
Xihe,,280.90044,36.556605,91852,6.04
,Lam CrA,280.94559,-38.323441,91875,5.11
,4Eps1Lyr,281.08475999999996,39.670123,91919,4.67
,5Eps2Lyr,281.094915,39.612721,91926,4.59
,6Zet1Lyr,281.193135,37.605115,91971,4.34
,7Zet2Lyr,281.20083,37.594615,91973,5.73
,4    Aql,281.208075,2.060038,91975,5.02
,27Phi Sgr,281.4141,-26.990778,92041,3.17
,110    Her,281.415525,20.546308,92043,4.19
,28    Sgr,281.585865,-22.392176,92111,5.37
,50    Dra,281.592735,75.433964,92112,5.37
,5    Aql,281.61915,-0.961692,92117,5.89
,111    Her,281.75529,18.181519,92161,4.34
,Bet Sct,281.79363,-4.747867,92175,4.22
,Mu  CrA,281.93589,-40.406167,92226,5.2
,The Pav,282.15807,-65.077679,92294,5.71
,Eta1CrA,282.21036,-43.680047,92308,5.46
,Eta2CrA,282.39582,-43.434102,92382,5.6
,29    Sgr,282.417105,-20.324656,92390,5.22
,8Nu 1Lyr,282.44129999999996,32.81282,92398,5.93
Ross 154,,282.455535,-23.836232,92403,10.37
,9Nu 2Lyr,282.47049,32.551058,92405,5.22
Sheliak,10Bet Lyr,282.51997500000004,33.362667,92420,3.52
,30    Sgr,282.71038500000003,-22.16219,92480,6.29
,47Omi Dra,282.80022,59.388351,92512,4.63
,8    Aql,282.842325,-3.317857,92524,6.08
,Lam Pav,283.05431999999996,-62.187593,92609,4.22
,112    Her,283.06845,21.425142,92614,5.43
,Kap Tel,283.165125,-52.10737,92646,5.18
,11Del1Lyr,283.431495,36.971721,92728,5.58
,33    Sgr,283.50037499999996,-21.359845,92747,5.68
Ainalrami,32Nu 1Sgr,283.542405,-22.744834,92761,4.86
,52Ups Dra,283.59915,71.297192,92782,4.82
,12Del2Lyr,283.62618,36.898613,92791,4.22
,113    Her,283.68702,22.645076,92818,4.57
,Chi Oct,283.69845,-87.605843,92824,5.29
,35Nu 2Sgr,283.77973499999996,-22.671328,92845,5.0
Nunki,34Sig Sgr,283.81635,-26.296722,92855,2.05
,13    Lyr,283.833735,43.946088,92862,4.08
Kaveh,,283.920345,4.265325,92895,8.02
Alya,63The1Ser,284.05492499999997,4.203595,92946,4.62
Alya B,63The2Ser,284.061015,4.202132,92951,4.98
,48    Dra,284.187765,57.814851,92997,5.67
,Kap Pav,284.23765499999996,-67.233495,93015,4.4
,Eta Sct,284.265285,-5.846314,93026,4.83
,64    Ser,284.31912,2.535346,93051,5.56
,36Xi 1Sgr,284.33531999999997,-20.656346,93057,5.02
,37Xi 2Sgr,284.432505,-21.106654,93085,3.52
,Lam Tel,284.61567,-52.938629,93148,4.85
,Ome Pav,284.65218,-60.20055,93163,5.14
,Eps CrA,284.680815,-37.107357,93174,4.83
,10    Aql,284.695515,13.906648,93179,5.91
Sulafat,14Gam Lyr,284.735925,32.689557,93194,3.25
,11    Aql,284.77392,13.622245,93203,5.27
,13Eps Aql,284.905665,15.068298,93244,4.02
,15Lam Lyr,285.003435,32.145514,93279,4.94
,49    Dra,285.18108,55.658301,93340,5.51
,16    Lyr,285.35986499999996,46.934812,93408,5.0
,12    Aql,285.42012,-5.739115,93429,4.02
Ascella,38Zet Sgr,285.65297999999996,-29.880105,93506,2.6
,14    Aql,285.72708,-3.698987,93526,5.4
,Zet CrA,285.77860499999997,-42.095105,93542,4.74
,39Omi Sgr,286.17075,-21.741496,93683,3.76
,51    Dra,286.22986499999996,53.396654,93713,5.4
,15    Aql,286.240305,-4.03142,93717,5.4
Okab,17Zet Aql,286.352535,13.863478,93747,2.99
,16Lam Aql,286.56225,-4.882554,93805,3.43
,Rho Tel,286.5831,-52.34091,93815,5.17
,Gam CrA,286.60456500000004,-37.063437,93825,4.23
,40Tau Sgr,286.73505,-27.670423,93864,3.32
,18    Aql,286.74418499999996,11.071228,93867,5.07
,18Iot Lyr,286.825545,36.100157,93903,5.25
,17    Lyr,286.856535,32.501738,93917,5.2
,Del CrA,287.08734,-40.496703,94005,4.57
,19    Aql,287.24964,6.073207,94068,5.23
,59    Dra,287.29074,76.560502,94083,5.11
Meridiana,Alp CrA,287.368035,-37.904474,94114,4.11
,55    Dra,287.44084499999997,65.978513,94140,6.26
Albaldah,41Pi  Sgr,287.440965,-21.023615,94141,2.88
,Bet CrA,287.50731,-39.340796,94160,4.1
,53    Dra,287.91895500000004,56.859213,94302,5.13
,19    Lyr,287.94171,31.283456,94311,5.93
Altais,57Del Dra,288.138375,67.661541,94376,3.07
,20    Aql,288.16963499999997,-7.939518,94385,5.35
,21    Aql,288.42793500000005,2.293707,94477,5.14
Aladfar,20Eta Lyr,288.43953,39.145968,94481,4.43
,54    Dra,288.479805,57.705102,94490,5.0
,1    Sge,288.82233,21.232118,94620,5.65
,42Psi Sgr,288.885105,-25.256682,94643,4.86
Gumala,,288.88842,-24.179352,94645,6.25
,60Tau Dra,288.888435,73.355468,94648,4.45
,1    Vul,289.054335,21.390428,94703,4.76
,21The Lyr,289.09206,38.133731,94713,4.35
,Tau Pav,289.11918000000003,-69.190825,94724,6.25
,22    Aql,289.129305,4.834795,94727,5.59
,1Kap Cyg,289.2756,53.368459,94779,3.8
,43    Sgr,289.40866500000004,-18.952908,94820,4.88
,2    Vul,289.43181,23.02554,94827,5.46
,25Ome1Aql,289.45416,11.595422,94834,5.28
,23    Aql,289.63539,1.085129,94885,5.1
,24    Aql,289.712265,0.339024,94913,6.4
,28    Aql,289.913955,12.37468,94982,5.53
,29Ome2Aql,289.97110499999997,11.534965,95002,6.03
,26    Aql,290.137095,-5.415766,95066,4.98
,27    Aql,290.14869,-0.892161,95073,5.46
,58Pi  Dra,290.167005,65.714531,95081,4.6
Belel,,290.26764,-23.619572,95124,7.55
,44Rho1Sgr,290.418165,-17.847197,95168,3.92
,46Ups Sgr,290.431755,-15.955018,95176,4.52
,45Rho2Sgr,290.46205499999996,-18.308388,95188,5.84
Arkab Prior,Bet1Sgr,290.65954500000004,-44.458965,95241,3.96
,3    Vul,290.712015,26.262403,95260,5.22
,Eta Tel,290.71331999999995,-54.423931,95261,5.03
Sika,,290.72073,-32.919054,95262,7.84
Arkab Posterior,Bet2Sgr,290.80464,-44.799778,95294,4.27
Rukbat,Alp Sgr,290.971545,-40.61594,95347,3.96
,2    Cyg,291.031575,29.621338,95372,4.99
,2    Sge,291.09196499999996,16.937722,95398,6.27
,31    Aql,291.24246,11.944415,95447,5.17
,47Chi1Sgr,291.318705,-24.508575,95477,5.02
,4    Vul,291.36916499999995,19.798365,95498,5.14
,49Chi3Sgr,291.37359,-23.962457,95503,5.45
,30Del Aql,291.37458,3.114775,95501,3.36
,4    Cyg,291.53801999999996,36.317896,95556,5.17
,5    Vul,291.555195,20.097733,95560,5.6
,50    Sgr,291.57981,-21.776693,95564,5.57
,32Nu  Aql,291.62953500000003,0.33857,95585,4.64
,7Iot1Cyg,291.85817999999995,52.320436,95656,5.73
Anser,6Alp Vul,292.176405,24.664905,95771,4.44
,8    Vul,292.237845,24.768723,95785,5.82
,35    Aql,292.25412,1.950448,95793,5.79
,7    Vul,292.33707,20.279737,95818,6.34
,10Iot2Cyg,292.42647,51.729779,95853,3.76
,Mu  Tel,292.64414999999997,-55.110053,95932,6.29
,36    Aql,292.66598999999997,-2.788887,95937,5.03
Albireo,6Bet1Cyg,292.680345,27.959681,95947,3.05
Albireo B,6Bet2Cyg,292.68915,27.965276,95951,5.12
,8    Cyg,292.94301,34.452968,96052,4.74
Uruk,,293.017335,16.47429,96078,8.97
Alsafi,61Sig Dra,293.08723499999996,69.661175,96100,4.67
,38Mu  Aql,293.522295,7.378941,96229,4.45
,9    Vul,293.6454,19.773403,96275,5.0
Campbell's Hydrogen Star,,293.688465,30.516371,96295,10.0
,9    Cyg,293.712195,29.462954,96302,5.39
,37    Aql,293.780235,-10.560444,96327,5.12
,Iot Tel,293.80413,-48.099202,96341,4.88
,11    Cyg,293.95126500000003,36.944539,96387,6.03
,51    Sgr,294.006885,-24.719081,96406,5.64
,13The Cyg,294.11058,50.221103,96441,4.49
,52    Sgr,294.17679,-24.883623,96465,4.59
,41Iot Aql,294.18032999999997,-1.286601,96468,4.36
,39Kap Aql,294.222705,-7.027477,96483,4.93
,4Eps Sge,294.32247,16.462802,96516,5.67
,42    Aql,294.44714999999997,-4.64764,96556,5.45
,44Sig Aql,294.79851,5.397773,96665,5.18
,12Phi Cyg,294.84418500000004,30.153321,96683,4.68
,14    Cyg,294.86034,42.818278,96693,5.41
,53    Sgr,294.956085,-23.4277,96729,6.33
Sham,5Alp Sge,295.024125,18.01389,96757,4.39
,45    Aql,295.1805,-0.621233,96807,5.64
,54    Sgr,295.180755,-16.293268,96808,5.3
,6Bet Sge,295.26225,17.476041,96837,4.39
,16    Cyg,295.45417499999996,50.52506,96895,5.99
,46    Aql,295.553385,12.193261,96931,6.33
,55    Sgr,295.62972,-16.123996,96950,5.06
,47Chi Aql,295.641705,11.826583,96957,5.28
,10    Vul,295.92885,25.771929,97077,5.5
,15    Cyg,296.06914500000005,37.354355,97118,4.89
,48Psi Aql,296.14246499999996,13.302783,97139,6.25
Fawaris,18Del Cyg,296.24361,45.13081,97165,2.86
,49Ups Aql,296.41643999999997,7.613158,97229,5.89
Tarazed,50Gam Aql,296.56491000000005,10.613261,97278,2.72
,56    Sgr,296.590605,-19.761113,97290,4.87
,17    Cyg,296.606655,33.727598,97295,5.0
,7Del Sge,296.846925,18.534286,97365,3.68
,Nu  Tel,297.004815,-56.362611,97421,5.33
,63Eps Dra,297.04275,70.26793,97433,3.84
,52Pi  Aql,297.17524499999996,11.815896,97473,5.75
,8Zet Sge,297.24441,19.142042,97496,5.01
,Chi Cyg,297.641355,32.914058,97629,7.91
,19    Cyg,297.64164,38.722419,97630,5.18
,20    Cyg,297.657195,52.988001,97635,5.03
Altair,53Alp Aql,297.69582,8.868322,97649,0.76
,51    Aql,297.694935,-10.763512,97650,5.38
,54Omi Aql,297.75684,10.415727,97675,5.12
,12    Vul,297.767115,22.610046,97679,4.9
,57    Sgr,298.050015,-19.044991,97783,5.88
,9    Sge,298.09068,18.671875,97796,6.24
,55Eta Aql,298.118205,1.005661,97804,3.87
,23    Cyg,298.3224,57.523482,97870,5.14
,13    Vul,298.36539,24.079614,97886,4.57
,56    Aql,298.534485,-8.574211,97928,5.76
Libertas,59Xi  Aql,298.56201,8.461453,97938,4.71
,57    Aql,298.656885,-8.227289,97966,5.7
,57    Aql,298.658595,-8.237048,97967,6.49
,58    Aql,298.68666,0.273627,97980,5.6
,Iot Sgr,298.81539000000004,-41.868288,98032,4.12
Alshain,60Bet Aql,298.828305,6.406763,98036,3.71
,24Psi Cyg,298.907505,52.438948,98055,4.91
Terebellum,58Ome Sgr,298.959765,-26.299506,98066,4.7
,22    Cyg,298.96567500000003,38.486705,98068,4.95
,10    Sge,299.00526,16.634799,98085,5.71
,61Phi Aql,299.05938,11.423721,98103,5.28
,21Eta Cyg,299.07657,35.083424,98110,3.89
,59    Sgr,299.2368,-27.169899,98162,4.54
,11    Sge,299.43936,16.789163,98234,5.54
,61    Sgr,299.48762999999997,-15.49149,98258,5.01
Cygnus X-1,,299.59032,35.201604,98298,8.84
,12Gam Sge,299.689275,19.492148,98337,3.51
,60    Sgr,299.73832500000003,-26.195767,98353,4.84
,14    Vul,299.79391499999997,23.101281,98375,5.68
,69    Dra,299.90283,76.481392,98401,6.2
,The1Sgr,299.934075,-35.276305,98412,4.37
,The2Sgr,299.963925,-34.697799,98421,5.3
,25    Cyg,299.97997499999997,37.042885,98425,5.15
,13    Sge,300.013785,17.516511,98438,5.33
,Mu 1Pav,300.09627,-66.94936,98478,5.75
,Eps Pav,300.147675,-72.910504,98495,3.97
,15    Vul,300.27519,27.753573,98543,4.66
,26    Cyg,300.339825,50.104695,98571,5.06
,64    Dra,300.36891,64.820974,98583,5.22
,Mu 2Pav,300.46845,-66.943966,98624,5.32
,63    Sgr,300.49416,-13.637217,98633,5.69
,16    Vul,300.50595,24.938043,98636,5.23
,65    Dra,300.5841,64.634419,98658,6.27
,62    Sgr,300.66448499999996,-27.709845,98688,4.43
,67Rho Dra,300.70439999999996,67.873565,98702,4.51
,15    Sge,301.025985,17.070173,98819,5.8
,63Tau Aql,301.03463999999997,7.277966,98823,5.51
,62    Aql,301.09647,-0.709309,98844,5.67
,16Eta Sge,301.28955,19.991071,98920,5.09
,65    Sgr,301.359735,-12.665163,98953,6.53
,66    Dra,301.38666,61.99542,98962,5.4
,27    Cyg,301.590825,35.972468,99031,5.38
,17    Vul,301.722525,23.614425,99080,5.08
,Xi  Tel,301.8465,-52.880793,99120,4.93
,64    Aql,302.00759999999997,-0.678185,99171,5.97
,Del Pav,302.17735500000003,-66.182068,99240,3.55
,1Kap Cep,302.222175,77.711419,99255,4.38
,28    Cyg,302.35674,36.839621,99303,4.93
,17The Sge,302.48602500000004,20.915028,99352,6.51
,18    Vul,302.63973000000004,26.904169,99404,5.51
,65The Aql,302.826195,-0.821461,99473,3.24
,68    Dra,302.895105,62.078542,99500,5.7
,19    Vul,302.9499,26.80899,99518,5.51
,1Xi 1Cap,302.99124,-12.392403,99529,6.34
,20    Vul,303.002925,26.478806,99531,5.91
,2Xi 2Cap,303.10779,-12.617497,99572,5.84
,66    Aql,303.307845,-1.009339,99631,5.44
,30    Cyg,303.3252,46.815675,99639,4.8
,33    Cyg,303.34932,56.567722,99655,4.28
,31    Cyg,303.40794,46.741329,99675,3.8
,21    Vul,303.560535,28.694817,99738,5.19
,67Rho Aql,303.569235,15.197609,99742,4.94
,29    Cyg,303.63343499999996,36.806302,99770,4.93
,32    Cyg,303.86800500000004,47.714208,99848,3.96
,22    Vul,303.87600000000003,23.508906,99853,5.18
,23    Vul,303.94224,27.814242,99874,4.5
Chechia,,304.025025,4.580795,99894,6.44
,18    Sge,304.082445,21.5987,99913,6.11
,3    Cap,304.095015,-12.337119,99918,6.3
,24    Vul,304.19619,24.671102,99951,5.3
,5Alp1Cap,304.41195,-12.508212,100027,4.3
,34    Cyg,304.44667499999997,38.03293,100044,4.77
,4    Cap,304.50582,-21.80996,100062,5.86
Algedi,6Alp2Cap,304.51356,-12.544852,100064,3.58
,36    Cyg,304.61937,36.999803,100108,5.58
,35    Cyg,304.662795,34.982775,100122,5.14
,7Sig Cap,304.848345,-19.118533,100195,5.28
,71    Dra,304.902945,62.257472,100221,5.71
Alshat,8Nu  Cap,305.165895,-12.75908,100310,4.77
Dabih,9Bet Cap,305.25280499999997,-14.781367,100345,3.05
,25    Vul,305.5143,24.446099,100435,5.5
Sadr,37Gam Cyg,305.557095,40.256679,100453,2.23
,Kap1Sgr,305.614575,-42.049548,100469,5.6
,39    Cyg,305.965065,32.190172,100587,4.43
,Kap2Sgr,305.97159,-42.422868,100591,5.64
Peacock,Alp Pav,306.411885,-56.73509,100751,1.94
,43    Cyg,306.75936,49.383367,100859,5.73
,10Pi  Cap,306.83004,-18.211721,100881,5.08
,40    Cyg,306.892755,38.440332,100907,5.63
,75    Dra,307.060305,81.422708,100965,5.38
,68    Aql,307.103775,-3.357794,100977,6.12
,11Rho Cap,307.21506,-17.813687,101027,4.77
,42    Cyg,307.33495500000004,36.454729,101067,5.9
,41    Cyg,307.34889,30.368555,101076,4.01
,74    Dra,307.363965,81.091277,101082,5.96
,2The Cep,307.395225,62.994105,101093,4.21
,69    Aql,307.412505,-2.885531,101101,4.91
,12Omi Cap,307.469115,-18.586378,101120,6.74
,12Omi Cap,307.474605,-18.583178,101123,5.94
,45Ome1Cyg,307.514745,48.951569,101138,4.94
,1    Del,307.57484999999997,10.895924,101160,6.03
,44    Cyg,307.74679499999996,36.935839,101214,6.21
,46Ome2Cyg,307.828395,49.220297,101243,5.44
,73    Dra,307.87668,74.954619,101260,5.18
Aldulfin,2Eps Del,308.303205,11.303263,101421,4.03
,47    Cyg,308.47578000000004,35.250852,101474,4.61
,Nu  Mic,308.47945500000003,-44.516048,101477,5.12
,3Eta Del,308.48767499999997,13.027255,101483,5.39
,4Zet Del,308.82723,14.674213,101589,4.64
,Phi1Pav,308.895045,-60.581749,101612,4.75
,26    Vul,309.03474,25.882648,101641,6.4
,70    Aql,309.1818,-2.549957,101692,4.91
,27    Vul,309.26946,26.461947,101716,5.59
,48    Cyg,309.38241,31.57254,101765,6.32
Rotanev,6Bet Del,309.38724,14.595087,101769,3.64
,Alp Ind,309.39173999999997,-47.291502,101772,3.11
,Rho Pav,309.396975,-61.529918,101773,4.86
,5Iot Del,309.454665,11.377676,101800,5.42
,71    Aql,309.58450500000004,-1.105121,101847,4.31
,29    Vul,309.63057,21.201174,101867,4.81
,28    Vul,309.63297,24.115958,101868,5.06
,8The Del,309.68327999999997,13.315125,101882,5.69
,7Kap Del,309.782415,10.086203,101916,5.07
,14Tau Cap,309.817995,-14.95476,101923,5.24
,1    Aqr,309.85371,0.486445,101936,5.15
Sualocin,9Alp Del,309.909525,15.912072,101958,3.77
,Phi2Pav,310.010205,-60.548892,101983,5.11
,15Ups Cap,310.012275,-18.138659,101984,5.15
,49    Cyg,310.260585,32.307287,102066,5.53
,10    Del,310.31754,14.58288,102080,6.01
Deneb,50Alp Cyg,310.35798,45.280338,102098,1.25
,Mu 2Oct,310.43262,-75.350803,102125,6.51
,Ups Pav,310.48779,-66.760682,102157,5.14
,Mu 1Oct,310.510965,-76.180592,102162,5.99
,51    Cyg,310.55262,50.34003,102177,5.41
,76    Dra,310.64632500000005,82.531158,102208,5.75
,4    Cep,310.79583,66.657447,102253,5.59
,11Del Del,310.864725,15.074581,102281,4.43
,Eta Ind,311.00948999999997,-51.920971,102333,4.51
,30    Vul,311.21878499999997,25.270617,102388,4.92
,Bet Pav,311.23970999999995,-66.203212,102395,3.42
,3Eta Cep,311.322165,61.838782,102422,3.41
,52    Cyg,311.41564500000004,30.719715,102453,4.22
,16Psi Cap,311.5239,-25.270898,102485,4.13
,17    Cap,311.541615,-21.514032,102487,5.91
Aljanah,53Eps Cyg,311.55267000000003,33.970256,102488,2.48
,12Gam1Del,311.66193,16.124134,102531,5.15
,12Gam2Del,311.6646,16.124296,102532,4.27
,54Lam Cyg,311.852235,36.490717,102589,4.53
Albali,2Eps Aqr,311.91897,-9.495776,102618,3.78
,3    Aqr,311.934315,-5.027701,102624,4.43
,13    Del,311.951385,6.008209,102633,5.57
,Iot Mic,312.12126,-43.988544,102693,5.11
,55    Cyg,312.234555,46.114134,102724,4.81
,Sig Pav,312.325995,-68.776521,102773,5.41
,Zet Ind,312.370635,-46.226826,102790,4.9
,15    Del,312.40737,12.545128,102805,6.01
,14    Del,312.45108000000005,7.864185,102819,6.32
,Alp Mic,312.49199999999996,-33.779722,102831,4.89
,56    Cyg,312.520425,44.059304,102843,5.06
,4    Aqr,312.85728,-5.626633,102945,5.99
,Iot Ind,312.875205,-51.608179,102950,5.06
,18Ome Cap,312.95538,-26.919133,102978,4.12
,Bet Mic,312.99483,-33.177974,102989,6.06
,31    Vul,313.032015,27.096979,103004,4.56
,5    Aqr,313.03623,-5.507059,103005,5.55
,6Mu  Aqr,313.163475,-8.983318,103045,4.73
,57    Cyg,313.311465,44.38726,103089,4.8
,32    Vul,313.64016000000004,28.057621,103200,5.03
,19    Cap,313.699245,-17.922894,103226,5.78
,Bet Ind,313.70247,-58.454155,103227,3.67
,17    Del,313.90287,13.721536,103294,5.19
,16    Del,313.910715,12.568558,103298,5.54
,7    Aqr,314.22511499999996,-9.697545,103401,5.49
,58Nu  Cyg,314.293395,41.167136,103413,3.94
,33    Vul,314.56813500000004,22.325908,103511,5.3
Musica,18    Del,314.608065,10.839286,103527,5.51
,1Eps Equ,314.768655,4.293481,103569,5.3
,20    Cap,314.90058,-19.035283,103616,6.26
,59    Cyg,314.95647,47.520951,103632,4.74
,11    Aqr,315.14099999999996,-4.730261,103682,6.21
,60    Cyg,315.29553,46.155773,103732,5.38
,Gam Mic,315.322755,-32.257767,103738,4.67
,Zet Mic,315.741495,-38.631447,103882,5.32
,12    Aqr,316.01968500000004,-5.823066,103981,5.53
,22Eta Cap,316.101255,-19.854991,104019,4.82
,3    Equ,316.14437999999996,5.502862,104031,5.63
,Alp Oct,316.179315,-77.023767,104043,5.13
,62Xi  Cyg,316.23276000000004,43.927852,104060,3.72
,Mu  Ind,316.30935,-54.727042,104085,5.17
,4    Equ,316.36134,5.958199,104101,5.94
,23The Cap,316.48677000000004,-17.232861,104139,4.08
,Del Mic,316.504755,-30.12512,104148,5.69
,Eta Mic,316.606305,-41.385965,104177,5.55
,63    Cyg,316.65039,47.648403,104194,4.56
,61    Cyg,316.72191,38.749415,104214,5.2
,61    Cyg,316.727445,38.742055,104217,6.05
,24    Cap,316.78195500000004,-25.005853,104234,4.49
,25Chi Cap,317.140095,-21.193669,104365,5.3
Polaris Australis,Sig Oct,317.191785,-88.956499,104382,5.45
,27    Cap,317.387475,-20.556661,104452,6.25
,13Nu  Aqr,317.39853,-11.371693,104459,4.5
,5Gam Equ,317.58541499999995,10.131579,104521,4.7
,6    Equ,317.630475,10.048922,104538,6.07
,64Zet Cyg,318.234105,30.226916,104732,3.21
,Omi Pav,318.335265,-70.126267,104755,5.06
Solaris,,318.399945,14.689387,104780,9.78
,7Del Equ,318.62005500000004,10.006981,104858,4.47
,65Tau Cyg,318.69775500000003,38.045317,104887,3.74
,28Phi Cap,318.90792,-20.651696,104963,5.17
,29    Cap,318.93684,-15.1715,104974,5.31
Kitalpha,8Alp Equ,318.955965,5.247845,104987,3.92
Lacaille 8760,,319.31587499999995,-38.867362,105090,6.69
,67Sig Cyg,319.35397500000005,39.394681,105102,4.22
,66Ups Cyg,319.47948,34.896898,105138,4.41
,Eps Mic,319.48449,-32.172539,105140,4.71
,30    Cap,319.48869,-17.985138,105143,5.4
,15    Aqr,319.54614000000004,-4.519478,105164,5.83
,31    Cap,319.56525,-17.462266,105168,7.07
,68    Cyg,319.613265,43.945945,105186,5.04
Alderamin,5Alp Cep,319.64445,62.585573,105199,2.45
,6    Cep,319.84257,64.871855,105268,5.19
,The Ind,319.96644,-53.449427,105319,4.39
,The1Mic,320.19012000000004,-40.809465,105382,4.8
,16    Aqr,320.267985,-4.560125,105412,5.87
,9    Equ,320.2701,7.354503,105413,5.81
,1    Peg,320.52165,19.804508,105502,4.08
,32Iot Cap,320.56164,-16.834542,105515,4.28
,10Bet Equ,320.723385,6.81114,105570,5.16
,17    Aqr,320.734395,-9.31933,105574,5.99
,33    Cap,321.03997499999997,-20.851869,105665,5.38
,18    Aqr,321.04788,-12.878108,105668,5.48
,The2Mic,321.103395,-41.006695,105696,5.76
,20    Aqr,321.21531,-3.398357,105729,6.38
,19    Aqr,321.304275,-9.748552,105761,5.71
,21    Aqr,321.320655,-3.556747,105767,5.48
,69    Cyg,321.44593499999996,36.667386,105811,5.93
,Gam Ind,321.56433000000004,-54.660459,105841,6.1
,Gam Pav,321.61057500000004,-65.366198,105858,4.21
,34Zet Cap,321.66677999999996,-22.411332,105881,3.77
,35    Cap,321.811755,-21.19621,105928,5.78
,70    Cyg,321.839025,37.116798,105942,5.3
,35    Vul,321.91689,27.608593,105966,5.39
,7    Cep,321.9423,66.809096,105972,5.42
Alfirk,8Bet Cep,322.16492999999997,70.560716,106032,3.23
,36    Cap,322.180815,-21.80718,106039,4.5
,5    PsA,322.26558,-31.238559,106067,6.52
,71    Cyg,322.36224,46.540585,106093,5.22
,2    Peg,322.487055,23.638838,106140,4.52
Sadalsuud,22Bet Aqr,322.88973,-5.571172,106278,2.9
,Xi  Gru,323.024475,-41.17931,106327,5.29
,6    PsA,323.060715,-33.944623,106340,5.97
,73Rho Cyg,323.49525,45.591837,106481,3.98
,72    Cyg,323.69394,38.534054,106551,4.87
,37    Cap,323.71272,-20.084274,106559,5.7
,8    PsA,324.04569,-26.171516,106654,5.73
,7    PsA,324.20329499999997,-33.047896,106703,6.1
,74    Cyg,324.23740499999997,40.413521,106711,5.04
,39Eps Cap,324.27012,-19.466011,106723,4.51
,3    Peg,324.429645,6.629052,106781,7.66
,3    Peg,324.43185,6.618391,106783,6.19
Bunda,23Xi  Aqr,324.43795500000004,-7.854201,106786,4.68
,5    Peg,324.439275,19.318607,106787,5.46
,9    Cep,324.48010500000004,62.08194,106801,4.76
Sāmaya,,324.53502,-31.737485,106824,8.56
,4    Peg,324.633075,5.771742,106856,5.66
,25    Aqr,324.8886,2.243558,106944,5.1
Nashira,40Gam Cap,325.022715,-16.662308,106985,3.69
,75    Cyg,325.04623499999997,43.273839,106999,5.09
,Nu  Oct,325.368795,-77.390046,107089,3.73
,42    Cap,325.38693,-14.047611,107095,5.16
,76    Cyg,325.39275,40.805222,107097,6.07
,11    Cep,325.47978,71.311417,107119,4.55
,41    Cap,325.50288,-23.262858,107128,5.24
Azelfafage,80Pi 1Cyg,325.523595,51.189622,107136,4.69
,26    Aqr,325.542135,1.285253,107144,5.66
,7    Peg,325.56437999999997,5.680137,107151,5.3
,77    Cyg,325.59564,41.077019,107162,5.73
,43Kap Cap,325.66459499999996,-18.866323,107188,4.72
,44    Cap,325.76831999999996,-14.399709,107232,5.88
Bosona,,325.853745,-7.408253,107251,8.34
,79    Cyg,325.85686499999997,38.283589,107253,5.69
,Mu  Cep,325.876905,58.780046,107259,4.23
,45    Cap,326.00403,-14.74937,107302,5.96
,78Mu 1Cyg,326.03565000000003,28.742632,107310,4.49
Enif,8Eps Peg,326.04649500000005,9.875011,107315,2.38
,9    Peg,326.1279,17.350017,107348,4.34
,10Kap Peg,326.16137999999995,25.645036,107354,4.14
,9Iot PsA,326.236695,-33.025781,107380,4.35
,46    Cap,326.251065,-9.082428,107382,5.1
,10Nu  Cep,326.36220000000003,61.120806,107418,4.25
,12    Peg,326.518185,22.94888,107472,5.29
,47    Cap,326.56779,-9.275935,107487,6.0
,48Lam Cap,326.63374500000003,-11.365954,107517,5.57
,81Pi 2Cyg,326.69836499999997,49.30957,107533,4.23
Deneb Algedi,49Del Cap,326.760165,-16.127286,107556,2.85
,11    Peg,326.80818,2.686124,107575,5.63
,12    Cep,326.85542999999996,60.692689,107586,5.53
,10The PsA,326.93397,-30.898304,107608,5.02
,14    Peg,327.46122,30.174215,107763,5.07
,13    Peg,327.536235,17.285851,107788,5.34
,Omi Ind,327.69671999999997,-69.629416,107835,5.52
,Lam Oct,327.726195,-82.718904,107843,5.27
,15    Peg,328.12467,28.793538,107975,5.52
,16    Peg,328.2657,25.92514,108022,5.09
,51Mu  Cap,328.32402,-13.551768,108036,5.08
Aldhanab,Gam Gru,328.48212,-37.364852,108085,3.0
,13    Cep,328.72149,56.611227,108165,5.74
,Pi  Ind,329.05852500000003,-57.899591,108281,6.17
,17    Peg,329.23488000000003,12.076492,108339,5.54
Itonda,,329.332635,-37.763621,108375,7.47
,Del Ind,329.479395,-54.992575,108431,4.4
,Kap1Ind,329.625315,-59.01214,108478,6.13
,16    Cep,329.81277,73.179896,108535,5.04
,18    Peg,330.03303,6.717437,108612,6.0
,12Eta PsA,330.20926499999996,-28.453736,108661,5.43
,28    Aqr,330.2709,0.604715,108691,5.6
,20    Peg,330.27228,13.119823,108693,5.61
,19    Peg,330.28848,8.257164,108699,5.65
,14    Cep,330.51906,58.000366,108772,5.55
,29    Aqr,330.609375,-16.964836,108797,6.39
,30    Aqr,330.81858,-6.522406,108868,5.55
,Eps Ind,330.83229,-56.785977,108870,4.69
,31Omi Aqr,330.82851,-2.155363,108874,4.74
,21    Peg,330.829305,11.386552,108875,5.83
Kurhah,17Xi  Cep,330.947025,64.627971,108917,4.26
,18    Cep,330.970635,63.11992,108924,5.26
,13    PsA,331.09932000000003,-29.91653,108952,6.45
,32    Aqr,331.197585,-0.906343,108991,5.29
,20    Cep,331.25203500000003,62.785671,109005,5.27
,19    Cep,331.286625,62.279814,109017,5.07
,23    Peg,331.39446,28.963981,109056,5.69
,22Nu  Peg,331.419795,5.05853,109068,4.86
Sadalmelik,34Alp Aqr,331.445985,-0.319851,109074,2.95
,Kap2Ind,331.46244,-59.636072,109081,5.62
,Lam Gru,331.52871,-39.543353,109111,4.47
,33Iot Aqr,331.60929,-13.869679,109139,4.29
,24Iot Peg,331.752705,25.345112,109176,3.77
,25    Peg,331.959615,21.702926,109240,5.79
Alnair,Alp Gru,332.058135,-46.960975,109268,1.73
,14Mu  PsA,332.09583,-32.988468,109285,4.5
,Ups PsA,332.108055,-34.043841,109289,4.99
,35    Aqr,332.2458,-18.519592,109332,5.8
,27Pi 1Peg,332.306835,33.172337,109352,5.58
,24    Cep,332.451615,72.341207,109400,4.79
,29Pi 2Peg,332.49685500000004,33.178224,109410,4.28
,15Tau PsA,332.536395,-32.548407,109422,4.94
Biham,26The Peg,332.54994,6.197865,109427,3.52
,28    Peg,332.625765,20.977984,109458,6.45
,38    Aqr,332.65617000000003,-11.564939,109472,5.43
,21Zet Cep,332.71362,58.201261,109492,3.39
,22Lam Cep,332.87742000000003,59.414488,109556,5.05
,39    Aqr,333.107325,-14.193957,109624,6.04
,41    Aqr,333.57513,-21.074566,109786,5.33
,16Lam PsA,333.57813,-27.766908,109789,5.45
,23Eps Cep,333.75816000000003,57.043587,109857,4.18
,Mu 1Gru,333.903795,-41.3467,109908,4.79
,1    Lac,333.9924,37.748737,109937,4.14
,Mu 2Gru,334.110675,-41.627225,109973,5.11
,42    Aqr,334.20018,-12.831436,110000,5.34
Ancha,43The Aqr,334.20847499999996,-7.78329,110003,4.17
,44    Aqr,334.277085,-5.387164,110023,5.75
,Psi Oct,334.46113499999996,-77.511553,110078,5.49
,25    Cep,334.55257500000005,62.804388,110103,5.75
,Alp Tuc,334.625565,-60.259587,110130,2.87
,45    Aqr,334.75308,-13.304995,110179,5.96
,Eps Oct,335.00631,-80.439747,110256,5.09
,46Rho Aqr,335.049645,-7.821102,110273,5.35
,30    Peg,335.11490999999995,5.789498,110298,5.37
,2    Lac,335.25642,46.536569,110351,4.55
,32    Peg,335.33058,28.330529,110371,4.78
,31    Peg,335.37948,12.205186,110386,4.82
,47    Aqr,335.39820000000003,-21.59823,110391,5.12
Sadachbia,48Gam Aqr,335.41407000000004,-1.387331,110395,3.86
,Pi 1Gru,335.68416,-45.947944,110478,6.42
,Pi 2Gru,335.783025,-45.928488,110506,5.62
,49    Aqr,335.878515,-24.762661,110529,5.53
,3Bet Lac,335.890125,52.229046,110538,4.42
,33    Peg,335.9148,20.84823,110548,6.2
,51    Aqr,336.02868,-4.83702,110578,5.79
,50    Aqr,336.112755,-13.529369,110602,5.76
,4    Lac,336.12913499999996,49.476392,110609,4.55
,Nu  Ind,336.14646,-72.255412,110618,5.28
,52Pi  Aqr,336.31926,1.377401,110672,4.8
,53    Aqr,336.642795,-16.742138,110778,5.55
,34    Peg,336.65577,4.393766,110785,5.76
,28Rho1Cep,336.67683,78.785853,110787,5.83
Lionrock,,336.76281,-17.263658,110813,7.6
,26    Cep,336.77212499999996,65.13227,110817,5.52
,Del Tuc,336.832965,-64.966354,110838,4.51
,35    Peg,336.96468,4.695664,110882,4.78
Kruger 60,,336.99963,57.695875,110893,9.59
,Nu  Gru,337.163355,-39.131792,110936,5.47
,55Zet1Aqr,337.207965,-0.019972,110960,3.65
,36    Peg,337.28326500000003,9.129034,110986,5.6
,27Del Cep,337.292745,58.415198,110991,4.07
,Del1Gru,337.317375,-43.495565,110997,3.97
,5    Lac,337.38259500000004,47.706887,111022,4.34
,Del2Gru,337.439325,-43.749224,111043,4.12
,29Rho2Cep,337.470705,78.824285,111056,5.45
,37    Peg,337.491405,4.43169,111062,5.51
,38    Peg,337.507545,32.572638,111068,5.64
,56    Aqr,337.572285,-14.585734,111086,6.36
,6    Lac,337.62192,43.123376,111104,4.52
,57Sig Aqr,337.66173,-10.67795,111123,4.82
,Zet PsA,337.72404,-26.073752,111138,6.43
,7Alp Lac,337.822725,50.282491,111169,3.76
,17Bet PsA,337.87635,-32.346073,111188,4.29
,Ups Oct,337.90752,-85.967253,111196,5.76
,58    Aqr,337.92216,-10.905561,111200,6.39
,39    Peg,338.147805,20.230019,111278,6.43
,Nu  Tuc,338.25015,-61.982122,111310,4.91
,60    Aqr,338.51214,-1.57427,111394,5.88
,59Ups Aqr,338.67345,-20.708216,111449,5.21
,62Eta Aqr,338.83908,-0.117498,111497,4.04
,31    Cep,338.94115500000004,73.643188,111532,5.08
,8    Lac,338.96706,39.628146,111544,6.6
,Sig1Gru,339.122085,-40.582689,111594,6.28
,Sig2Gru,339.24519,-40.591034,111643,5.85
,9    Lac,339.343485,51.545123,111674,4.64
Situla,63Kap Aqr,339.439095,-4.228056,111710,5.04
,30    Cep,339.66273,63.584472,111797,5.19
,40    Peg,339.71913,19.522263,111810,5.84
,10    Lac,339.815325,39.050269,111841,4.89
,41    Peg,339.94588500000003,19.681125,111884,6.33
,11    Lac,340.128495,44.276305,111944,4.5
,18Eps PsA,340.16391,-27.043617,111954,4.18
Homam,42Zet Peg,340.365495,10.831364,112029,3.41
,12    Lac,340.36938000000004,40.225449,112031,5.25
,43Omi Peg,340.439205,29.307641,112051,4.8
,19    PsA,340.592025,-29.361046,112102,6.12
Tiaki,Bet Gru,340.666725,-46.884577,112122,2.07
Matar,44Eta Peg,340.75056,30.221245,112158,2.93
,67    Aqr,340.809435,-6.962937,112179,6.4
,Rho Gru,340.87489500000004,-41.414347,112203,4.84
,66    Aqr,340.89681,-18.830375,112211,4.68
,13    Lac,341.02284000000003,41.819235,112242,5.11
Babcock's star,,341.03127,55.589226,112247,8.83
,45    Peg,341.36740499999996,19.366561,112358,6.27
,Eta Gru,341.407785,-53.500121,112374,4.84
,Bet Oct,341.51538,-81.381615,112405,4.13
,47Lam Peg,341.632815,23.565654,112440,3.97
,46Xi  Peg,341.67324,12.172888,112447,4.2
,68    Aqr,341.888025,-19.613375,112529,5.24
,69Tau1Aqr,341.928195,-14.056428,112542,5.68
,70    Aqr,342.125865,-10.555478,112615,6.19
,Eps Gru,342.13858500000003,-51.316864,112623,3.49
,71Tau2Aqr,342.39792,-13.592632,112716,4.05
,32Iot Cep,342.4203,66.200408,112724,3.5
Sadalbari,48Mu  Peg,342.500775,24.601579,112748,3.51
,14    Lac,342.590715,41.953394,112778,5.91
,Xi  Oct,342.594825,-80.123845,112781,5.32
,21    PsA,342.83725499999997,-29.536309,112862,5.99
,15    Lac,343.008375,43.312417,112917,4.95
,49Sig Peg,343.100295,9.835664,112935,5.16
,22Gam PsA,343.131405,-32.875504,112948,4.46
,73Lam Aqr,343.15364999999997,-7.579599,112961,3.73
,74    Aqr,343.36960500000004,-11.616514,113031,5.8
,Tau1Gru,343.40778,-48.598286,113044,6.03
,78    Aqr,343.64217,-7.204626,113127,6.2
Skat,76Del Aqr,343.662555,-15.82082,113136,3.27
,Rho Ind,343.664715,-70.073709,113137,6.04
,77    Aqr,343.68948,-16.271957,113148,5.53
,1    Psc,343.74786,1.064904,113167,6.11
,50Rho Peg,343.80696,8.816166,113186,4.91
,23Del PsA,343.98708,-32.539628,113246,4.2
,16    Lac,344.098455,41.603876,113281,5.6
,Tau3Gru,344.199195,-47.969221,113307,5.72
Helvetios,51    Peg,344.36655,20.768832,113357,5.45
Fomalhaut,24Alp PsA,344.41256999999996,-29.622236,113368,1.17
,52    Peg,344.799225,11.728844,113503,5.76
,2    Psc,344.86440000000005,0.962927,113521,5.43
,3    Psc,345.15794999999997,0.185866,113610,6.22
,Zet Gru,345.220155,-52.754137,113638,4.11
,81    Aqr,345.34851,-7.061153,113674,6.23
,1Omi And,345.480255,42.325979,113726,3.62
,82    Aqr,345.635655,-6.574008,113781,6.18
,2    And,345.65154,42.757795,113788,5.09
,Pi  PsA,345.8742,-34.749412,113860,5.12
Scheat,53Bet Peg,345.943515,28.082789,113881,2.44
Fumalsamakah,4Bet Psc,345.969225,3.820045,113889,4.48
,3    And,346.04553,50.052091,113919,4.64
,Kap Gru,346.16501999999997,-53.964905,113957,5.37
Markab,54Alp Peg,346.19022,15.205264,113963,2.49
,83    Aqr,346.29078,-7.693801,113996,5.44
Lacaille 9352,,346.462965,-35.853073,114046,7.35
,1    Cas,346.65339,59.41976,114104,4.84
,86    Aqr,346.670175,-23.743115,114119,4.48
,The Gru,346.71975000000003,-43.520358,114131,4.28
,Ups Gru,346.72341,-38.892293,114132,5.62
,55    Peg,346.751085,9.409492,114144,4.54
,56    Peg,346.778085,25.468259,114155,4.76
,4    And,346.913625,46.387231,114200,5.3
,5    And,346.9389,49.295776,114210,5.68
,33Pi  Cep,346.974345,75.387496,114222,4.41
,5    Psc,347.1705,2.127883,114273,5.42
Ebla,,347.2947,-2.260742,114322,8.59
,88    Aqr,347.361645,-21.17241,114341,3.68
,57    Peg,347.38107,8.677161,114347,5.05
,2    Cas,347.433915,59.332692,114365,5.68
,89    Aqr,347.478735,-22.457611,114375,4.71
,58    Peg,347.50608,9.822082,114389,5.39
,Iot Gru,347.5896,-45.246711,114421,3.88
,6    And,347.613525,43.544232,114430,5.91
,59    Peg,347.93412,8.720116,114520,5.15
,60    Peg,347.955015,26.847308,114526,6.19
,7    And,348.1374,49.406207,114570,4.53
,90Phi Aqr,348.58066499999995,-6.049003,114724,4.22
,61    Peg,348.94287,28.247898,114844,6.51
,91Psi1Aqr,348.972885,-9.087737,114855,4.24
,92Chi Aqr,349.21225499999997,-7.726504,114939,4.93
,6Gam Psc,349.29141,3.282289,114971,3.7
,Gam Tuc,349.35747,-58.235734,114996,3.99
,8    And,349.43598000000003,49.0153,115022,4.82
,93Psi2Aqr,349.47589500000004,-9.182513,115033,4.41
,Phi Gru,349.541085,-40.824361,115054,5.54
,9    And,349.59718499999997,41.773676,115065,5.98
,34Omi Cep,349.656,68.111445,115088,4.75
,Gam Scl,349.705995,-32.532027,115102,4.41
,95Psi3Aqr,349.740315,-9.61075,115115,4.99
,94    Aqr,349.77777000000003,-13.458552,115126,5.2
,96    Aqr,349.849905,-5.124352,115142,5.56
,11    And,349.874175,48.625322,115152,5.44
,10    And,349.968375,42.078044,115191,5.81
Danfeng,,350.03214,-60.065183,115211,11.03
,7    Psc,350.08576500000004,5.381307,115227,5.05
Salm,62Tau Peg,350.15934,23.740337,115250,4.58
,63    Peg,350.206455,30.414921,115271,5.58
,12    And,350.22184500000003,38.182326,115280,5.77
,64    Peg,350.478885,31.812465,115355,5.35
,97    Aqr,350.663205,-15.039338,115404,5.19
,65    Peg,350.6688,20.828716,115407,6.28
,98    Aqr,350.74263,-20.10058,115438,3.96
,66    Peg,350.76903000000004,12.31391,115444,5.09
,4    Cas,351.209385,62.282806,115590,4.96
,67    Peg,351.2118,32.384882,115591,5.56
Alkarab,68Ups Peg,351.344895,23.404101,115623,4.42
,99    Aqr,351.51162,-20.642014,115669,4.38
,Omi Gru,351.65235,-52.721603,115713,5.53
,8Kap Psc,351.73314,1.255608,115738,4.95
,13    And,351.78075,42.91201,115755,5.75
,9    Psc,351.81163499999997,1.122609,115768,6.26
,69    Peg,351.91827,25.167281,115806,5.99
,10The Psc,351.99207,6.378992,115830,4.27
,Tau Oct,352.01489999999995,-87.482214,115836,5.5
,70    Peg,352.288725,12.760554,115919,4.54
Veritate,14    And,352.82235000000003,39.236198,116076,5.22
Poerava,,352.83435000000003,-58.209733,116084,7.82
,100    Aqr,352.925175,-21.369457,116118,6.24
,13    Psc,352.98985500000003,-1.085885,116146,6.39
,Bet Scl,353.24268,-37.818268,116231,4.38
,101    Aqr,353.31927,-20.914504,116247,4.7
,71    Peg,353.36706000000004,22.498775,116264,5.33
,72    Peg,353.48826,31.325277,116310,4.97
,14    Psc,353.53756500000003,-1.247567,116323,5.91
,15    And,353.656425,40.236441,116354,5.55
,73    Peg,353.65918500000004,33.497328,116355,5.63
,Iot Phe,353.768985,-42.615075,116389,4.69
,16    Psc,354.09702,2.102222,116495,5.68
,16Lam And,354.39083999999997,46.458152,116584,3.81
,74    Peg,354.415575,16.825495,116592,6.26
,75    Peg,354.486675,18.400667,116611,5.49
,17Iot And,354.53415,43.268073,116631,4.29
,18    And,354.78474,50.471733,116709,5.35
Errai,35Gam Cep,354.83729999999997,77.632276,116727,3.21
,The Phe,354.866415,-46.637799,116737,6.07
,102Ome1Aqr,354.94611000000003,-14.222178,116758,4.97
,17Iot Psc,354.98766,5.626292,116771,4.13
,19Kap And,355.102035,44.333932,116805,4.15
,Mu  Scl,355.15899,-32.073125,116820,5.3
,103    Aqr,355.39371,-18.027077,116889,5.36
,104    Aqr,355.440855,-17.816533,116901,4.82
,18Lam Psc,355.511685,1.780041,116928,4.49
,105Ome2Aqr,355.680585,-14.544905,116971,4.49
,77    Peg,355.84317000000004,10.331536,117020,5.09
,78    Peg,355.997835,29.361454,117073,4.93
,106    Aqr,356.05032,-18.276938,117089,5.24
,107    Aqr,356.50383,-18.67834,117218,5.28
,20Psi And,356.50851,46.420276,117221,4.97
,19    Psc,356.59798500000005,3.486811,117245,4.95
,5Tau Cas,356.76426,58.651989,117301,4.88
,Sig Phe,356.81664,-50.226461,117315,5.18
,20    Psc,356.98560000000003,-2.761598,117375,5.49
,6    Cas,357.209055,62.214516,117447,5.43
,Del Scl,357.231405,-28.130268,117452,4.59
,21    Psc,357.364485,1.076131,117491,5.77
,79    Peg,357.41412,28.842389,117500,5.95
,80    Peg,357.83853,9.313351,117628,5.77
,108    Aqr,357.838905,-18.909163,117629,5.17
,22    Psc,357.99099,2.930384,117683,5.59
,Gam1Oct,358.02777000000003,-82.018818,117689,5.1
,81Phi Peg,358.12203,19.120287,117718,5.06
,82    Peg,358.15461,10.94732,117730,5.3
,24    Psc,358.231515,-3.155482,117761,5.93
,25    Psc,358.26982499999997,2.090625,117774,6.29
,7Rho Cas,358.59596999999997,57.499382,117863,4.51
Uúba,,358.66737,-37.627924,117883,9.79
,26    Psc,358.782465,7.070972,117927,6.22
,Gam2Oct,359.387385,-82.169804,118114,5.72
,Eta Tuc,359.395905,-64.298231,118121,5.0
,84Psi Peg,359.439705,25.141401,118131,4.63
,1    Cet,359.58843,-15.847484,118178,6.28
,27    Psc,359.66824499999996,-3.555983,118209,4.88
,Pi  Phe,359.732325,-52.745807,118234,5.13
,8Sig Cas,359.75223,55.754928,118243,4.88
,28Ome Psc,359.827875,6.863321,118268,4.03
Axólotl,,359.974275,-22.428113,118319,8.23
,Eps Tuc,359.97891,-65.577132,118322,4.49
p Eridani,,24.945045,-56.19462,,5.8
Castor B,66Alp Gem,113.652405,31.89052,,2.85
Kaewkosin,,119.77623,15.392426,,12.33
Maru,,121.70904000000002,-66.299883,,13.92
Ross 686,,135.210075,5.242018,,12.68
Wolf 359,,164.12226,7.01532,,13.45
Alula Australis,53Xi  UMa,169.54676999999998,31.528783,,4.33
Alula Australis B,53Xi  UMa,169.54676999999998,31.528783,,4.8
,29Gam Vir,190.412565,-1.449235,,3.52
,42Alp Com,197.495835,17.528977,,5.17
,79Zet UMa,200.98494,54.920471,,3.95
,2Eta CrB,230.79945,30.2862,,5.96
Graffias,Xi  Sco,241.09160999999997,-11.374611,,4.84
,Xi  Sco,241.09160999999997,-11.374611,,5.0
,17Sig CrB,243.66898500000002,33.856722,,6.72
Alrakis,21Mu  Dra,256.33071,54.469093,,5.63
Guniibuu B,36    Oph,258.83601,-26.603215,,5.07
Onkaria,,258.82791,4.961607,,14.67
,69Tau Oph,270.76803,-8.181708,,5.24
,Gam CrA,286.60270499999996,-37.06474,,5.0
,78Mu 2Cyg,326.032635,28.743078,,6.09
,53    Aqr,336.64458,-16.742424,,6.21
EZ Aqr,,339.63843,-15.302542,,12.66
Ross 248,,355.475685,44.174924,,12.29
,Eta Car,161.265,-59.68416667,,6.21
